label;output
2;[9.7017473e-01 1.0603106e-02 1.7778149e-04 1.6207345e-08 1.8835444e-02 7.3079849e-12 1.8595723e-05 1.0773267e-10 1.8646823e-04 3.8967564e-06]
1;[2.6685761e-08 9.9611354e-01 1.4055984e-10 4.6702469e-13 8.3887741e-12 1.2040416e-17 9.3530073e-18 5.2145915e-20 3.8864438e-03 7.8690865e-10]
0;[1.0000000e+00 6.1356625e-10 3.9716670e-09 9.1459416e-15 2.1559605e-11 2.4304750e-18 1.4324050e-17 2.5828653e-13 3.3449464e-08 1.5636487e-14]
1;[5.0110181e-12 9.9999666e-01 1.8990314e-20 2.6996202e-15 6.3874265e-17 1.4354675e-19 4.1648625e-20 2.1569382e-13 3.4120557e-14 3.3467127e-06]
4;[2.2607462e-03 1.9779032e-08 2.9077122e-04 8.0627203e-09 5.6646597e-01 6.8486139e-10 7.5747297e-13 4.3098241e-01 3.7466377e-10 1.7476220e-08]
1;[2.1954597e-06 9.4695508e-02 1.0828930e-11 3.9693424e-03 1.5266536e-09 4.8197585e-11 5.2240168e-05 1.8732710e-07 7.8464005e-08 9.0128052e-01]
6;[5.5106219e-15 1.5158614e-12 1.1589448e-05 9.5768189e-03 2.2580231e-07 1.4473227e-08 9.9041134e-01 8.0308596e-14 3.0485807e-12 3.4118450e-09]
7;[1.9023811e-06 3.1021372e-08 5.0800263e-06 1.0564391e-04 7.2298781e-07 1.4577685e-02 8.9913124e-07 9.8530799e-01 3.8680663e-11 8.1924972e-10]
0;[6.6745633e-01 3.5036467e-06 2.9415625e-09 1.7447120e-11 7.8120121e-11 1.3267127e-14 8.8757147e-16 3.0024691e-21 3.3254012e-01 6.0595301e-15]
8;[2.6910818e-01 1.5714742e-05 2.0206762e-05 8.6392629e-06 1.0387558e-04 5.4355812e-11 4.6084799e-05 9.1745687e-09 7.3056269e-01 1.3457595e-04]
4;[7.4143935e-07 1.5445487e-11 3.9250036e-03 7.8466954e-05 9.9594861e-01 4.9873748e-08 4.7239493e-05 1.8844094e-08 7.8397411e-10 2.5664627e-12]
1;[2.1957640e-05 6.9325902e-06 5.2957744e-03 9.9358070e-01 2.3688348e-04 3.1887117e-05 5.3887899e-09 5.8683877e-06 5.5872713e-04 2.6119431e-04]
1;[1.0917202e-14 9.9994743e-01 1.6356500e-21 3.4595489e-17 9.2974293e-21 2.9926185e-18 2.5600276e-16 8.6256468e-23 3.8219041e-15 5.2583178e-05]
2;[1.0829105e-05 2.2316421e-07 4.8110664e-01 8.8466434e-03 5.5050201e-05 2.5523232e-02 4.7740838e-01 7.0451591e-03 4.4043201e-08 3.7023533e-06]
1;[1.3771568e-02 9.5759559e-01 1.6285052e-08 6.5418764e-09 2.7127649e-07 1.7810022e-12 5.5233185e-10 2.7556227e-10 2.8461128e-02 1.7142523e-04]
4;[1.5488748e-10 3.5825082e-08 4.1197247e-11 3.7135845e-08 9.9982208e-01 1.9106361e-10 3.2881548e-05 1.4488108e-04 3.9547350e-15 8.5827273e-10]
3;[2.3938281e-07 3.4496151e-07 5.9315912e-08 9.7121722e-01 3.9160400e-06 2.1754345e-03 2.6601138e-02 3.7412590e-07 1.6340788e-08 1.2499131e-06]
9;[1.9726390e-06 1.1547415e-03 5.3064353e-09 1.0149626e-10 9.1680023e-12 8.0421990e-18 5.8891490e-16 2.3030314e-13 3.4112192e-05 9.9880922e-01]
7;[2.1563981e-05 1.2848241e-05 3.1980289e-07 1.5853740e-01 6.1691149e-05 1.0557599e-04 6.2127700e-03 8.3426267e-01 9.7323081e-08 7.8502065e-04]
7;[9.7399884e-09 2.8121099e-11 2.8934159e-05 1.3957195e-03 2.6718160e-02 2.5479307e-02 1.7592709e-10 9.4637781e-01 5.4559995e-11 1.9422389e-10]
8;[9.9999452e-01 8.6455869e-12 3.5307185e-08 1.1481835e-09 3.4150978e-09 3.7653661e-13 1.7017627e-14 6.6277956e-14 5.4759516e-06 7.3680071e-18]
0;[9.99997258e-01 6.11436324e-09 1.25405408e-09 6.08278050e-17 6.03885969e-11 1.37571078e-23 1.36737521e-17 5.06825349e-19 2.73539831e-06 1.03346536e-16]
8;[4.5535308e-03 9.4947922e-01 1.0906940e-09 4.6349406e-14 9.5502488e-11 6.3704670e-16 2.2097442e-16 3.1743936e-16 4.5967244e-02 8.4206137e-10]
4;[2.4194695e-02 3.9037040e-08 3.1884622e-03 7.1468952e-07 9.7261578e-01 2.6268285e-08 1.7673987e-07 2.4839403e-08 6.3802020e-08 6.2739158e-10]
6;[1.4192089e-10 4.1930237e-10 3.8021558e-03 3.7160718e-03 9.7342608e-03 7.9948688e-05 9.8225820e-01 4.0932361e-04 1.1174154e-19 3.9667696e-11]
4;[8.0276471e-01 3.4637562e-12 8.8862695e-02 1.5803222e-03 7.7681318e-02 5.9484439e-03 2.3813897e-07 2.3162331e-02 4.0605065e-13 3.8865287e-14]
5;[3.7735099e-17 1.4968556e-21 3.9155240e-13 1.1977033e-05 1.6111606e-16 1.9210124e-01 2.9282872e-21 8.0788684e-01 1.7471258e-22 2.3613564e-10]
1;[1.9780242e-05 9.9996829e-01 6.3271273e-06 1.8942599e-09 1.3676951e-10 1.4043888e-15 5.4628448e-16 8.6763405e-18 5.3281733e-06 2.3211726e-07]
6;[1.7391187e-14 7.1122719e-07 1.9204258e-11 1.1862070e-04 2.0911212e-11 1.7870308e-08 9.9988067e-01 1.0441511e-15 1.9137616e-13 5.8820190e-13]
7;[1.2085313e-07 4.8734464e-15 8.7519503e-09 1.2059144e-09 3.4806430e-06 7.8752755e-08 4.6808894e-14 9.9999630e-01 7.6148510e-18 6.2720461e-13]
6;[1.5270288e-06 1.9815315e-03 1.1221031e-02 9.7607553e-01 1.6903620e-04 2.8167956e-04 9.3205515e-03 7.6563028e-10 1.2845805e-04 8.2051608e-04]
5;[9.6646690e-01 4.6295622e-07 1.5757800e-05 2.9593663e-02 2.7443639e-07 1.7078424e-05 7.4897651e-11 1.4193960e-05 1.1927558e-04 3.7724720e-03]
3;[1.0814207e-08 4.2004555e-10 1.9522435e-05 9.4432300e-01 1.9876227e-04 5.5454858e-02 5.5742947e-07 1.8518341e-08 3.3267470e-06 1.7335110e-10]
4;[3.0799391e-08 1.8830665e-08 6.2682270e-06 6.3570809e-07 9.9674916e-01 2.1063676e-10 3.2438773e-03 2.3029319e-10 6.3978295e-11 2.5972972e-11]
1;[1.5079571e-02 9.8482209e-01 2.3077430e-06 4.9475693e-12 1.8107136e-06 1.4478805e-15 1.1250583e-15 7.8876284e-14 9.3883238e-05 3.7234571e-07]
0;[9.3988287e-01 5.7252807e-09 2.2045160e-03 3.7814236e-09 1.0076461e-06 4.8119231e-11 2.2239552e-13 5.0989437e-13 5.7911541e-02 7.6681242e-14]
3;[3.4369885e-03 2.5580115e-07 1.7617984e-03 4.6737897e-01 1.7185263e-02 1.1259171e-03 5.0324702e-01 5.8595734e-03 5.7515587e-07 3.6191543e-06]
4;[5.0895819e-11 4.4421155e-12 9.0435070e-01 8.1720011e-04 9.1572583e-02 1.5585979e-06 3.2580320e-03 9.4830713e-11 1.0155606e-14 8.5977822e-12]
7;[7.6445211e-10 9.1700608e-15 3.8431222e-10 1.2687629e-04 2.9141228e-10 1.6505730e-05 4.6427639e-16 9.9985659e-01 8.7765866e-20 3.3024425e-10]
3;[3.1734309e-01 3.9480175e-09 1.3100393e-03 1.1045844e-01 4.5719545e-04 5.2996916e-06 5.7042521e-01 2.4285109e-09 7.0911312e-07 1.9778424e-11]
6;[1.6446895e-10 1.5688477e-09 9.9602374e-08 2.6616815e-04 1.7865890e-05 1.6612518e-09 9.9971586e-01 9.3035484e-12 5.7652098e-13 2.2191051e-11]
0;[2.2120496e-02 3.1253636e-01 8.1613321e-09 2.8995546e-11 8.0456631e-12 6.4746071e-16 2.6892120e-17 3.4724505e-15 6.6534299e-01 1.1176680e-07]
7;[8.2790322e-15 1.5557722e-17 6.1246115e-15 1.6616852e-05 8.4246823e-17 9.9936920e-01 7.0194181e-28 6.1425217e-04 8.3036810e-20 6.7477434e-16]
8;[5.0715050e-03 2.7244093e-04 3.9098487e-04 2.5873950e-03 3.7220152e-04 7.9701664e-08 1.1683364e-05 2.9913945e-09 9.9124861e-01 4.5072673e-05]
5;[1.4357461e-06 1.6717412e-07 4.1750912e-02 5.2044582e-01 2.7052138e-03 4.3482161e-01 2.3971061e-04 2.9296329e-05 1.6766381e-07 5.6493177e-06]
6;[6.2132138e-10 5.9231750e-17 9.8439908e-01 5.7706799e-09 1.5600973e-02 6.8214434e-11 1.8176027e-09 5.6999423e-11 2.8678593e-16 2.1238982e-17]
1;[1.4868140e-01 8.5112464e-01 4.5157617e-06 1.4932043e-10 1.8934526e-04 1.5089575e-13 8.0279999e-13 3.3320197e-10 3.0625682e-08 2.9115004e-09]
7;[2.0277211e-08 1.8586903e-09 7.5834205e-06 9.8115575e-01 9.4132658e-05 1.7762793e-02 7.8084238e-04 1.9827034e-04 1.3413504e-10 5.2625114e-07]
8;[3.9437160e-09 3.8163967e-07 1.3029955e-08 3.7549724e-04 4.9049390e-06 1.2011629e-09 9.9961913e-01 1.6586864e-11 2.1857338e-09 3.8380072e-09]
5;[1.7915033e-06 1.6957324e-08 8.7083310e-01 5.4077290e-02 3.2740278e-05 7.5010873e-02 1.3154604e-06 1.1761056e-05 7.1980986e-07 3.0330124e-05]
2;[6.5128390e-08 1.1169329e-15 9.9972755e-01 2.0724007e-09 2.7230821e-04 4.4417492e-09 8.8565726e-12 6.6259265e-10 6.7097349e-14 1.4724642e-17]
0;[9.99993086e-01 1.38485507e-06 1.18445186e-07 1.04503177e-11 1.71177916e-08 4.84634559e-15 1.74802020e-15 5.19664218e-06 6.26960244e-08 1.51265507e-08]
3;[2.1250603e-09 1.9340884e-17 3.6509991e-09 6.0239599e-05 1.4433075e-11 9.9993479e-01 6.8722317e-17 4.9713267e-06 4.7719170e-14 1.3336477e-15]
0;[9.9736077e-01 1.1049450e-05 2.6182211e-03 2.7138825e-10 5.7185484e-06 2.1115206e-12 4.5930271e-18 4.0315981e-06 1.7115649e-07 8.1309288e-08]
2;[4.5404722e-08 1.5043233e-10 2.1728345e-06 2.2369066e-02 4.7485626e-01 1.6900199e-04 9.8843531e-11 5.0260347e-01 1.7715425e-10 1.4979250e-09]
5;[4.98577178e-01 3.32720624e-03 1.30546736e-02 1.87513290e-03 3.86588908e-05 6.91069479e-10 1.80137221e-08 1.46859691e-07 1.15593754e-01 3.67533207e-01]
7;[3.6229345e-04 1.5980606e-10 1.6785778e-10 1.1362022e-02 1.2836033e-09 2.6839567e-10 1.8859415e-13 9.8818761e-01 4.2550781e-14 8.8090928e-05]
2;[1.6345544e-05 1.8494731e-16 9.9995685e-01 1.0869991e-07 2.6731546e-05 2.9714107e-09 3.4146463e-11 3.3449725e-09 3.8251270e-11 4.3547613e-16]
8;[1.5776635e-07 3.9445996e-04 5.6914359e-08 1.2966645e-07 3.8606392e-11 3.3352727e-11 1.4584693e-10 6.1242954e-16 9.9960405e-01 1.2652226e-06]
2;[5.1359511e-03 1.2139845e-04 9.3399435e-02 4.6684253e-03 3.9587691e-02 2.1895872e-05 8.5381913e-01 1.4168872e-03 3.7311405e-05 1.7918240e-03]
3;[1.2885742e-08 3.0806851e-13 3.5529007e-04 2.3285809e-03 6.6150178e-06 5.9246027e-01 3.8581778e-08 4.0484124e-01 9.2962031e-13 7.8766752e-06]
5;[3.2102302e-13 3.6675370e-15 2.1219883e-11 1.4163603e-03 4.7238300e-11 9.9858367e-01 5.8933136e-12 2.0594214e-08 3.2447555e-11 5.2487821e-13]
3;[9.2201561e-17 1.1448873e-16 1.0869302e-09 9.8575103e-01 1.4451040e-10 1.4248958e-02 3.6897660e-10 1.1203704e-13 7.6696868e-13 4.8397830e-14]
7;[2.0137504e-10 2.1761390e-09 1.3003356e-11 1.8100325e-08 2.2269919e-06 6.8637103e-11 7.5106299e-10 9.9902141e-01 3.5929887e-17 9.7628817e-04]
9;[8.0750608e-01 1.1272241e-02 6.0149437e-06 5.2138533e-02 2.3636014e-05 5.0607758e-09 2.4480402e-08 1.8410153e-03 3.9116928e-04 1.2682131e-01]
2;[2.1043428e-05 1.3285334e-07 5.1695472e-03 1.8274665e-02 9.5607460e-01 2.7847285e-03 2.0424751e-04 1.7471066e-02 7.4697470e-11 7.9078486e-09]
5;[7.2710155e-14 3.5767203e-14 8.5078182e-06 7.7352846e-01 1.3787041e-10 2.2645581e-01 7.3201318e-06 4.6679180e-12 1.1401934e-08 4.2813680e-11]
7;[1.0316858e-08 1.7534236e-16 8.3692215e-04 9.8452049e-01 5.8456477e-05 3.8424321e-05 3.5998657e-08 1.4545731e-02 3.5046509e-15 4.2762348e-08]
6;[9.5051336e-09 1.1509765e-09 2.6187629e-03 1.3710931e-01 1.8816058e-01 1.9281924e-05 6.7209202e-01 5.2286458e-10 3.9607219e-08 2.0537998e-12]
0;[9.9999976e-01 6.0877524e-13 1.9525405e-07 1.6455261e-11 5.9141700e-15 7.1913965e-14 2.3302997e-22 2.8313459e-15 4.3239092e-09 2.8316332e-18]
0;[9.9666303e-01 4.9486491e-11 1.1957497e-03 5.8436719e-05 1.3477076e-05 5.7303950e-10 8.2834178e-10 6.1490275e-09 2.0692609e-03 9.4091696e-08]
1;[1.5225412e-07 6.5910709e-01 4.4997772e-10 4.9406917e-06 6.4785716e-05 1.2978778e-06 9.0010865e-10 1.1780701e-09 1.0018272e-03 3.3981988e-01]
0;[9.9991059e-01 1.7156827e-10 2.5330249e-09 2.6370743e-14 3.4755461e-13 3.4911954e-19 6.8558985e-20 3.4706172e-17 8.9357854e-05 4.1222837e-14]
8;[5.5921980e-08 2.0896547e-09 1.6513442e-04 9.9480271e-01 1.4953249e-08 2.9933553e-03 6.8025181e-09 4.8937785e-12 2.0387813e-03 1.1886055e-08]
0;[9.9999332e-01 8.0484073e-09 5.5968020e-08 1.9226114e-10 2.3163260e-07 6.4538137e-14 9.8203503e-12 6.9623036e-12 6.4796127e-06 1.6990057e-12]
6;[1.07783191e-04 1.75892652e-07 3.07536930e-01 6.47362758e-05 5.79271615e-01 1.82617939e-07 1.13016054e-01 2.31718991e-06 9.18125298e-11 1.35845696e-07]
2;[4.4736274e-02 5.7644629e-01 8.6424598e-06 1.5933771e-03 3.6276096e-01 6.5057742e-07 4.3271598e-07 1.1122331e-02 3.5001362e-05 3.2961380e-03]
1;[8.3841842e-14 1.0000000e+00 1.8015171e-18 1.6644331e-20 1.9967064e-20 6.9659991e-28 6.8849777e-27 6.7268727e-27 5.8602530e-14 1.5212327e-08]
9;[8.4757742e-11 2.3938997e-08 3.9663850e-10 5.9955264e-06 5.4659829e-03 8.3021963e-13 9.9452484e-01 3.3483374e-09 2.2416151e-15 3.1735349e-06]
1;[1.14954494e-15 1.00000000e+00 8.23691210e-26 5.33199441e-22 1.12740679e-20 2.35843757e-27 9.59906346e-22 1.01340896e-32 3.63038999e-13 3.08830869e-13]
4;[7.9016953e-09 6.0718214e-10 4.5502334e-04 9.5732987e-01 4.2187862e-02 2.0838605e-05 1.5783314e-07 6.2354870e-06 5.5275207e-09 1.1525089e-08]
2;[4.5296241e-02 2.6110282e-19 9.5455867e-01 1.2027092e-04 1.3918346e-05 1.0979815e-05 2.4895857e-14 6.4957932e-09 6.5571084e-14 6.3704033e-18]
4;[1.2074755e-05 1.6551716e-08 5.2233557e-03 1.8994806e-05 9.8682261e-01 7.8872485e-11 7.9225991e-03 2.3667775e-07 2.5666108e-10 1.5150133e-07]
2;[1.0484693e-09 3.5537599e-12 9.9080640e-01 4.0442112e-04 8.7439520e-03 4.0191211e-05 4.9285136e-06 8.2897969e-08 3.1106959e-12 2.4517799e-10]
0;[7.92679250e-01 3.09353515e-10 8.01448477e-04 1.06504534e-13 8.81472104e-08 6.58315206e-18 2.84076237e-15 2.76727613e-19 2.06519246e-01 1.10740202e-17]
7;[1.5774013e-02 8.7340550e-06 4.1381079e-01 4.9605492e-01 9.9686033e-04 2.0357886e-04 9.1808452e-06 5.9162144e-02 3.7140909e-04 1.3608409e-02]
3;[2.0328989e-13 9.5516889e-08 7.2713519e-12 9.9832731e-01 1.2554700e-04 1.3947610e-03 9.2016662e-06 1.4303719e-04 1.5729557e-10 2.0534843e-08]
6;[1.5223948e-03 2.1496979e-03 7.6065822e-05 2.0036134e-01 1.7330401e-01 5.6494519e-02 1.2098476e-03 5.6439793e-01 4.7096130e-04 1.3260757e-05]
2;[2.8135465e-04 6.1388356e-08 4.9856135e-01 2.0338881e-01 1.3632021e-02 2.8403339e-01 1.0067427e-05 9.2813032e-05 1.9800035e-08 6.4670863e-10]
3;[5.8753269e-19 2.0589860e-16 4.9083426e-09 9.7603828e-01 1.0403323e-14 2.2294316e-02 1.6673493e-03 1.8386860e-15 2.1126848e-15 7.9502659e-13]
1;[4.9206037e-08 1.0000000e+00 3.2229102e-14 2.3810401e-17 8.9562777e-14 4.2830215e-22 1.4665433e-22 1.8997974e-21 2.4237827e-09 2.7718427e-11]
7;[8.1163734e-08 4.4160750e-10 1.8007694e-04 5.8189563e-02 6.6342281e-08 9.4082266e-01 1.0848905e-06 6.7112057e-07 1.3834727e-07 8.0561894e-04]
9;[4.9654458e-04 9.4409364e-01 6.5434399e-08 3.7204597e-09 2.8613883e-08 1.5490585e-17 2.7935701e-15 2.9008239e-14 7.2005866e-03 4.8209079e-02]
3;[4.0221400e-09 2.5654675e-14 1.3916081e-04 4.1776742e-03 9.9568307e-01 1.4439796e-07 4.8318295e-08 2.8627912e-12 2.8034920e-12 8.3324881e-16]
1;[5.35427080e-06 9.99960065e-01 1.52890843e-13 3.81301830e-11 1.54666546e-09 1.12021290e-17 5.19521305e-15 1.25634135e-17 3.45684057e-05 1.96700789e-08]
1;[5.9355277e-04 9.9940586e-01 3.7043787e-08 4.0493896e-11 4.5273021e-07 4.0683620e-16 1.8784165e-15 5.1617652e-14 1.0967910e-08 1.1821475e-07]
1;[2.0158800e-10 9.9999964e-01 3.5737769e-17 5.5469800e-13 8.2178984e-09 4.0722639e-19 5.6300839e-11 1.5986953e-16 1.1389401e-11 3.7573184e-07]
8;[8.5081775e-03 1.5455078e-06 7.0682258e-06 1.2858717e-07 7.3413503e-08 3.9309844e-10 3.2420000e-10 6.4933410e-08 9.9148238e-01 4.5921701e-07]
9;[2.37067245e-04 4.36465744e-14 1.21250644e-01 2.22569689e-01 2.14414182e-03 1.81097945e-04 3.03135595e-16 6.53616786e-01 1.05588411e-11 5.65833432e-07]
5;[9.3619368e-05 6.3085305e-12 1.3475354e-03 1.2473377e-06 3.3040098e-07 3.6849592e-08 6.4453071e-13 9.9855286e-01 3.5129543e-12 4.3078498e-06]
3;[2.3731774e-05 6.2203962e-09 1.1755842e-04 1.9454524e-03 8.3970368e-01 6.8735825e-03 2.8792133e-08 1.5133595e-01 7.3931257e-11 1.2623054e-08]
4;[2.8390687e-08 7.4677398e-10 2.3784420e-04 1.0538989e-05 5.2454036e-01 1.0211855e-07 4.7504562e-01 1.6534943e-04 5.1598923e-14 1.8872359e-07]
0;[7.54220486e-01 1.30683675e-05 1.13437127e-05 6.88831250e-08 8.05609517e-08 5.17803717e-11 2.47499732e-09 1.02864939e-09 2.45737955e-01 1.69710511e-05]
3;[8.1487460e-06 1.1906974e-01 7.2626735e-06 8.7337345e-01 5.1534232e-07 2.6916584e-07 5.1533891e-07 2.5700916e-07 1.3644252e-07 7.5397310e-03]
2;[5.8177195e-04 9.1121157e-18 9.9933678e-01 4.6951218e-08 1.2812484e-05 3.2422875e-08 7.5768879e-12 6.8639398e-05 3.6301973e-13 2.0592372e-16]
5;[5.0068993e-09 6.6687807e-07 5.8012136e-04 4.1423934e-03 2.2796761e-02 6.6145882e-04 9.6422589e-01 7.5622816e-03 5.1817452e-12 3.0410523e-05]
5;[2.6431846e-07 1.3967707e-19 6.9978517e-01 4.7220746e-03 2.6209714e-06 2.9548651e-01 6.9864194e-13 3.4387156e-06 1.0881410e-14 1.2063239e-15]
6;[1.4347098e-07 4.0849935e-10 9.2860973e-01 6.6971131e-02 1.4593116e-03 3.1794752e-05 2.9275408e-03 2.4012780e-07 1.3688136e-09 6.3155625e-08]
0;[1.2036712e-01 2.4352091e-06 7.6286318e-03 8.4853202e-01 1.3322078e-03 2.2041587e-02 1.9138014e-08 7.8231053e-05 1.7779954e-05 1.5540224e-09]
4;[4.1826189e-07 1.0194075e-10 6.7444853e-06 9.9935991e-01 6.2268897e-04 4.8743823e-06 5.3018603e-06 2.9636180e-08 1.6508151e-11 2.1375104e-12]
7;[4.3225609e-04 8.7111118e-14 7.4722208e-03 1.7146092e-11 6.0275402e-03 3.2283048e-12 2.8161289e-14 9.8606801e-01 1.8225539e-16 2.8794838e-13]
2;[2.2939632e-04 8.5011250e-15 8.3212847e-01 3.6217589e-05 1.6760322e-01 2.6653208e-06 1.8620346e-09 7.7746204e-10 8.1780575e-11 1.1602873e-14]
1;[5.1516667e-03 2.0448670e-07 3.0994846e-07 4.3006870e-10 2.3708748e-09 3.0460956e-15 5.0649155e-14 6.3010024e-16 9.9484777e-01 2.5832299e-12]
9;[1.64196911e-06 9.37980644e-07 3.41348755e-06 4.12512425e-04 4.52146098e-09 2.71243925e-06 1.46932155e-08 2.61815736e-10 9.99364197e-01 2.14415762e-04]
3;[2.6360317e-06 2.3424175e-20 9.9999738e-01 1.2184473e-12 5.5079492e-09 1.3127920e-09 7.1445218e-19 6.3542496e-12 1.1161784e-14 2.1995337e-19]
9;[4.0779037e-06 3.0463357e-02 3.2780796e-09 7.7894236e-07 3.4575820e-10 3.0577180e-15 4.7856723e-12 7.2524289e-13 9.4012223e-02 8.7551969e-01]
2;[1.6443448e-01 2.1231347e-06 6.8580578e-03 2.0001456e-03 8.1316668e-01 2.1238078e-07 1.3482859e-02 8.2830411e-08 5.5364155e-05 9.0397325e-12]
7;[2.9527208e-02 5.7019550e-01 2.0360887e-01 9.8416330e-03 4.0900155e-05 3.5476772e-04 3.8886042e-06 1.9544713e-07 1.8547533e-01 9.5174334e-04]
0;[5.2649073e-02 5.3032488e-01 1.1644979e-07 2.5485781e-08 2.2658812e-06 1.7406420e-13 3.3351329e-01 2.3150379e-12 8.3456486e-02 5.3911615e-05]
9;[3.2126831e-05 2.4675182e-06 8.9405148e-06 5.4031348e-01 5.0664602e-07 2.9137230e-03 4.8788857e-09 4.3957999e-01 3.6567380e-09 1.7148729e-02]
1;[7.5733169e-08 9.9999988e-01 2.9864991e-13 4.5519951e-19 4.6059081e-15 7.0020856e-24 2.7051366e-28 1.1259594e-18 9.8961765e-15 1.8358090e-10]
8;[2.0970956e-06 2.0011711e-08 9.0147054e-09 2.3692059e-10 1.0384439e-11 2.2460495e-12 4.7750606e-13 5.1545055e-15 9.9999774e-01 7.2712076e-08]
4;[1.2991042e-05 2.8107497e-03 3.4080998e-08 4.8389837e-01 4.2544710e-07 1.1860492e-03 3.6898642e-09 6.8567297e-04 2.5312949e-07 5.1140547e-01]
7;[3.1577483e-09 9.1504148e-13 8.1655882e-05 2.2335071e-04 3.2451903e-04 9.5621438e-04 3.7072246e-07 9.9841392e-01 7.3000433e-15 2.9408295e-10]
2;[2.8827124e-06 5.9603150e-10 5.5083610e-02 1.7070175e-04 9.4468743e-01 5.5406115e-05 1.1885514e-09 8.5118385e-10 3.9971398e-11 2.5593113e-11]
9;[2.1508145e-08 5.1948152e-09 1.1071300e-11 3.7718495e-10 1.1989033e-10 7.4767158e-15 2.6724451e-13 7.0175027e-10 1.2502844e-06 9.9999869e-01]
1;[1.44341442e-10 1.09496259e-05 8.60441141e-09 2.11522838e-05 1.22561474e-07 5.22947108e-09 9.99966383e-01 1.09736734e-10 9.56108109e-11 1.38816335e-06]
0;[1.07669225e-02 1.69358309e-14 4.65150079e-05 9.56823885e-01 4.47070647e-09 3.23604010e-02 1.03990962e-10 2.22802782e-06 5.30561702e-15 2.60752062e-17]
2;[3.7834933e-11 4.2070716e-15 9.8095806e-03 9.8613065e-01 1.9932658e-08 3.2362498e-03 8.2355016e-04 6.9378336e-12 1.3434132e-10 1.5929724e-12]
0;[9.9436787e-04 1.4847422e-10 7.9422491e-04 1.9147155e-06 1.2215370e-06 8.8135672e-11 4.0289603e-08 5.5813760e-17 9.9820840e-01 1.4282405e-11]
8;[4.8275844e-05 6.8861388e-13 8.6898675e-09 6.0225831e-19 8.9675245e-13 9.8769438e-25 3.5433935e-22 1.8473512e-28 9.9995172e-01 2.1297631e-20]
2;[7.64312135e-05 2.84963630e-06 1.23367205e-01 1.71420306e-05 6.96583509e-01 3.23889608e-08 1.79949611e-01 7.11447612e-09 3.21042853e-06 7.39200630e-08]
2;[1.5087078e-02 1.0491830e-06 1.2307803e-02 2.1837735e-01 2.8760314e-02 7.1179342e-01 4.0984924e-07 2.5347627e-03 1.1137769e-02 8.2891995e-09]
8;[1.0699539e-06 5.3916334e-05 1.3820049e-13 3.2193789e-10 1.2170171e-13 8.0917765e-13 4.8780976e-11 4.4474616e-17 9.9994111e-01 3.9118554e-06]
1;[2.98396308e-11 1.00000000e+00 3.14668294e-19 2.12858691e-16 1.35614284e-17 2.92370186e-20 7.48646013e-22 2.17879998e-15 1.85148900e-14 2.86741689e-11]
1;[2.4218256e-05 1.2456131e-10 9.9720758e-01 3.6073418e-04 1.9524559e-06 2.4050642e-03 6.9443917e-12 3.3704751e-07 4.7938058e-09 4.0814102e-11]
5;[1.32604310e-08 1.65886104e-05 1.55264152e-05 1.64694667e-01 2.64305595e-06 7.70300090e-01 6.49597421e-02 1.47620192e-08 4.78151946e-07 1.02311415e-05]
3;[2.0292160e-04 3.2128614e-10 9.9830329e-01 4.9943133e-05 1.2122359e-03 1.1002609e-05 9.2704546e-08 2.2049187e-04 1.5627521e-08 1.4058144e-09]
6;[3.0246685e-08 9.8972626e-09 4.6333560e-05 3.5307539e-06 1.4982490e-02 6.2852202e-12 9.8496765e-01 2.8682191e-12 2.2165929e-10 2.8570150e-12]
7;[4.5529169e-10 5.5698422e-11 8.9373569e-12 2.1466405e-11 1.7703194e-05 1.7845572e-10 2.2379923e-12 9.9998224e-01 2.0026876e-22 3.3604429e-13]
5;[2.8894593e-09 1.1905245e-14 1.0220382e-03 2.4624669e-04 5.5289780e-05 9.8219770e-01 2.1745092e-11 1.6478727e-02 1.4669701e-14 5.4148877e-12]
9;[7.0342043e-07 2.6920734e-03 1.2840461e-09 1.4353185e-06 6.5554603e-15 6.3044139e-17 1.1110852e-18 1.4857285e-13 1.6308260e-04 9.9714273e-01]
9;[2.3241766e-09 9.1795856e-11 1.4374171e-12 2.4585746e-04 8.2539713e-12 4.0974732e-10 1.7263766e-14 2.2852100e-02 1.1111987e-09 9.7690207e-01]
8;[9.5698588e-02 2.7839064e-07 3.0310848e-03 5.9542923e-08 3.7750206e-06 8.6458792e-12 4.4472564e-13 2.2606151e-12 9.0126616e-01 2.3736636e-08]
9;[3.6076794e-04 1.0146007e-03 7.9389639e-10 2.0114705e-09 5.2438356e-09 4.7299228e-14 1.9314433e-14 1.1360761e-10 9.9862289e-01 1.6439777e-06]
0;[9.99996901e-01 1.38060535e-11 1.83057892e-11 7.55041728e-16 1.57744373e-11 6.00929635e-25 7.66202215e-20 4.94417113e-24 3.09642928e-06 1.21185021e-20]
1;[9.9032283e-01 5.7800668e-03 5.8605355e-08 5.3564726e-08 2.0956601e-09 2.4916727e-10 6.4374314e-13 3.4371402e-05 3.3742688e-03 4.8843952e-04]
4;[2.3045281e-09 8.3192016e-11 2.0879718e-06 7.2467965e-01 2.3074789e-02 4.2433314e-07 2.5224295e-01 1.4691647e-09 7.1532946e-11 7.8951253e-08]
5;[4.9135577e-02 5.5648425e-10 1.5939128e-03 8.9508998e-01 2.6456004e-07 5.3202923e-02 2.2350214e-06 4.3885153e-09 9.7521878e-04 2.5453700e-11]
3;[1.5299072e-10 5.6904886e-10 3.5517633e-07 3.0479151e-01 8.8800853e-06 2.8892464e-04 6.9491035e-01 1.9838557e-08 7.2531967e-12 5.9212959e-09]
4;[2.79502463e-11 2.34471101e-12 5.70467364e-07 4.33552705e-05 9.94445264e-01 6.27577887e-04 1.16189135e-10 4.88323485e-03 5.15647771e-16 4.10057567e-13]
2;[3.0871824e-12 5.1733444e-15 4.2774701e-07 4.0624131e-02 2.8511421e-10 9.5937026e-01 9.1965650e-13 5.0983672e-06 2.6146533e-14 4.4186100e-12]
6;[1.4386983e-03 7.2743656e-04 5.5371178e-04 3.0225262e-02 2.8950002e-02 6.0872259e-07 9.3793046e-01 6.8770369e-08 1.6152181e-04 1.2193090e-05]
2;[4.7103345e-05 7.1848916e-10 9.4462788e-01 1.3053216e-04 5.4042589e-02 2.4428761e-07 1.1454872e-03 6.2112617e-06 1.2432864e-09 1.2793609e-07]
4;[1.4794058e-02 9.9745110e-09 2.3130167e-02 2.7469262e-01 9.2995923e-04 6.8633312e-01 5.0193756e-09 4.6698088e-07 1.1953845e-04 1.0448747e-09]
9;[3.7126766e-09 3.7242071e-10 1.2767451e-11 5.9805783e-10 8.4227406e-15 1.1685194e-17 3.8958060e-16 9.7458574e-14 3.0989088e-07 9.9999964e-01]
1;[1.9684513e-13 1.0000000e+00 2.6951464e-20 2.9107943e-19 1.8355148e-18 9.7263307e-24 1.0261094e-18 7.8953341e-24 2.0806393e-12 8.8432273e-10]
8;[3.1981219e-03 9.3993940e-06 7.8304154e-08 2.1505912e-03 2.5538426e-02 1.4435030e-08 1.4074795e-06 3.6618798e-13 9.6910203e-01 4.3243718e-13]
3;[4.7642770e-04 1.3007800e-10 3.2693881e-01 1.1376427e-02 1.1992340e-05 6.5874654e-01 1.9199574e-11 2.4498929e-03 8.3198004e-11 8.6887289e-11]
9;[8.0772757e-11 1.0068494e-09 4.9540176e-08 3.1875879e-01 1.1221088e-08 1.0100554e-06 2.4688102e-06 4.1467416e-09 1.3586706e-09 6.8123770e-01]
5;[2.1412561e-06 2.5198256e-04 8.5205993e-06 1.4774840e-01 3.2564909e-11 5.9453905e-05 7.6307191e-15 2.3183678e-04 1.1699952e-06 8.5169649e-01]
6;[2.06718838e-07 1.27011495e-08 1.70992070e-03 3.30691844e-01 1.01072097e-03 1.51865359e-04 6.66428626e-01 6.81132133e-06 4.23811153e-10 1.73118728e-08]
3;[8.7791899e-11 8.3329941e-13 1.0592469e-02 9.8672950e-01 1.3621476e-04 2.5409139e-03 2.5928053e-13 7.1476222e-07 3.2952574e-10 2.6220559e-07]
5;[1.4167384e-11 5.7406214e-07 1.8873614e-09 9.9928218e-01 2.9813148e-11 1.6583198e-06 2.4904926e-07 8.5311497e-10 3.8155861e-13 7.1540003e-04]
0;[9.9889529e-01 5.7180934e-20 1.1046755e-03 3.7655064e-16 4.6872495e-16 1.2150028e-20 2.6614085e-31 3.2029838e-22 9.5202822e-19 1.7647945e-26]
8;[2.1778142e-01 9.7407019e-03 1.4197386e-05 2.4535726e-07 8.6921937e-05 2.8341387e-12 6.6762215e-07 1.8672568e-10 7.6870340e-01 3.6724128e-03]
6;[3.6886810e-05 1.2964713e-02 9.3664057e-06 3.6043345e-04 3.2113687e-05 2.4416371e-08 1.0417752e-02 1.9296539e-07 9.8427467e-04 9.7519433e-01]
1;[1.44299184e-09 9.99991536e-01 2.07014429e-15 3.50370536e-12 3.73343369e-06 1.05391654e-13 8.79720288e-15 6.47420138e-12 6.31071362e-10 4.72378451e-06]
0;[9.9990737e-01 5.8466696e-05 4.8982790e-10 6.9472865e-12 7.8932999e-11 5.0935750e-19 5.4800199e-17 1.6363446e-15 3.4112916e-05 1.1294442e-08]
9;[2.3194282e-06 2.1363346e-07 4.9358409e-06 1.3128670e-03 3.1107152e-07 1.2887532e-06 4.5385463e-11 4.8421907e-01 1.0293701e-07 5.1445895e-01]
0;[2.9140407e-05 1.6851918e-19 9.9316120e-01 6.6289906e-03 4.5311982e-08 1.8071402e-04 2.9800466e-14 1.7949219e-11 4.2991313e-14 1.0239664e-19]
1;[2.0775770e-12 9.9999964e-01 2.0644416e-17 1.9008329e-14 5.5642441e-16 3.2713197e-19 1.0162850e-17 5.3010669e-21 1.8514681e-13 3.7740429e-07]
7;[7.2582197e-06 9.2560526e-08 8.9129999e-02 8.9283901e-01 9.0784151e-03 5.2275008e-04 3.8577098e-04 7.9977214e-03 7.4572162e-09 3.9076655e-05]
3;[9.6711916e-01 2.6951930e-13 4.1560936e-03 2.8160693e-02 1.0944700e-04 4.5439365e-04 1.2104312e-09 3.4519138e-10 3.4621462e-07 3.5065223e-13]
9;[2.85775013e-06 2.19066604e-03 1.28710698e-09 1.55440557e-05 7.27702724e-03 9.11605653e-08 1.10287365e-05 2.82653034e-01 1.00849103e-12 7.07849681e-01]
8;[1.1280274e-11 1.4993464e-08 1.5912394e-09 1.8832231e-02 7.9517556e-12 9.8116738e-01 2.5816913e-11 9.0194008e-10 3.4852624e-07 1.5869922e-10]
1;[2.9078909e-12 9.9999988e-01 9.5236042e-21 4.8711521e-18 2.8315998e-19 1.3470569e-26 6.9417506e-21 4.5874073e-23 2.8332817e-14 6.0543037e-08]
2;[1.9649399e-02 3.5291114e-07 9.4010895e-01 1.8173060e-04 4.0057927e-02 3.8700052e-09 6.1840689e-07 8.2399047e-14 9.0237791e-07 3.0459693e-12]
0;[9.9999762e-01 7.2481242e-08 1.4089144e-06 2.5524762e-09 4.1863956e-08 3.1075465e-13 1.7221573e-13 5.2396607e-12 8.6494794e-07 2.1248463e-12]
4;[3.21107450e-07 1.32596345e-09 2.09317897e-02 9.78917778e-01 7.59989925e-05 6.40672442e-05 1.23088117e-08 1.49287587e-08 9.04049635e-09 1.00960615e-05]
6;[5.03329312e-13 6.34844843e-09 1.40879919e-10 3.88643048e-06 2.86368262e-08 6.14934548e-10 9.99996066e-01 7.90844545e-09 1.03209252e-17 1.31087186e-08]
5;[3.7669547e-14 2.0007416e-13 1.7363520e-06 9.1085304e-03 1.1380468e-04 9.9040765e-01 2.8465691e-05 3.3960867e-04 4.8494330e-16 3.4194875e-07]
5;[2.7604579e-15 9.6691458e-16 8.8842659e-13 1.0597392e-02 2.2966991e-11 9.8940253e-01 4.0713126e-15 1.6474728e-09 1.9095450e-10 1.7754167e-13]
2;[4.6616394e-04 3.1382196e-08 3.6837029e-01 4.1945932e-05 6.1903048e-01 6.2807686e-07 1.2080466e-02 9.7822731e-06 1.0964877e-07 2.2674739e-08]
5;[2.6150581e-19 7.4854469e-18 1.2308018e-12 3.0630952e-05 2.3832765e-16 9.9996936e-01 1.2179800e-21 6.5463931e-14 5.1099302e-18 3.7645587e-14]
2;[4.2757820e-03 5.5637747e-07 6.6326529e-01 8.2413256e-03 1.6680847e-04 7.7063486e-02 2.4787187e-06 2.4695334e-01 3.0342002e-05 4.8003142e-07]
3;[9.6091642e-12 8.5820755e-13 2.4988256e-05 4.0681276e-01 6.8723148e-04 5.9247440e-01 5.0121964e-09 6.4029558e-07 3.5634988e-13 5.5297763e-11]
4;[2.3288750e-07 1.6095013e-03 4.0010350e-06 5.7770967e-07 9.9838245e-01 2.6385560e-09 3.2637440e-06 8.1410398e-09 1.6481596e-11 5.4224598e-09]
2;[4.4551857e-07 5.4572508e-10 1.4376903e-02 2.7183332e-03 1.9673777e-08 9.7086638e-01 2.8954634e-09 1.2035113e-02 5.5090639e-09 2.8134853e-06]
1;[7.6024806e-01 2.3909801e-01 5.4885080e-04 2.0352120e-06 6.1792394e-05 1.3389239e-12 5.9615857e-10 4.7478955e-11 1.4032535e-05 2.7277672e-05]
4;[2.7214785e-03 4.9240075e-02 6.5997313e-07 3.3635283e-06 2.2985761e-01 1.7300163e-06 2.4073451e-08 5.2734553e-03 9.6188312e-05 7.1280545e-01]
5;[8.8338975e-06 4.5870185e-10 1.0230437e-04 5.4977846e-01 6.1808461e-11 3.8744012e-01 1.1286830e-12 6.3823140e-06 1.1048519e-06 6.2662803e-02]
8;[4.1216039e-09 1.7908121e-03 1.9717280e-14 2.2761158e-11 2.4628488e-10 2.0177847e-15 8.6506215e-23 5.7694248e-21 9.9820924e-01 5.6831089e-14]
7;[2.7877051e-23 3.0174605e-23 8.3798783e-19 2.0779673e-11 5.6480423e-13 1.0003469e-08 9.9845369e-21 1.0000000e+00 1.8842170e-34 1.0181242e-18]
9;[6.4379307e-03 6.8627842e-06 9.7008592e-07 1.5331610e-05 5.1488854e-07 1.0000482e-09 2.6826033e-10 1.1051046e-05 4.0776145e-02 9.5275116e-01]
4;[3.1063641e-11 2.9075833e-13 8.0423689e-08 4.4854896e-05 9.8461241e-01 2.0342907e-06 3.3257690e-09 1.5340718e-02 1.0757156e-15 3.7777056e-14]
3;[2.6002400e-09 2.5749056e-10 2.6529086e-11 4.6307722e-09 1.2543428e-12 2.1557811e-17 1.8113639e-11 1.6358454e-17 1.0000000e+00 2.6158812e-08]
5;[1.6177082e-10 4.3111796e-15 2.9402277e-03 9.3951274e-04 5.9972284e-11 9.9611974e-01 2.3778712e-09 6.1796993e-07 1.7216670e-10 5.7296101e-10]
5;[1.2230340e-13 2.4202035e-15 1.1629011e-07 9.4606394e-01 6.9175677e-08 5.3935822e-02 4.1103366e-08 7.6452900e-11 1.5064386e-10 4.5557538e-12]
6;[1.3265884e-12 1.7688325e-14 1.4054886e-01 8.3195245e-01 5.6340859e-06 2.7493050e-02 2.4154884e-08 2.1309607e-09 2.8483838e-08 1.6025657e-08]
5;[8.5924610e-02 1.8615139e-05 2.2575930e-02 1.0281459e-01 9.2331171e-03 1.0978163e-04 7.8354205e-05 1.3864487e-01 2.9764390e-03 6.3762367e-01]
9;[2.0666830e-09 9.9623930e-01 1.1553329e-13 5.2067243e-08 1.4918325e-10 3.2526806e-10 1.5412204e-11 8.0635233e-14 9.9302014e-08 3.7606247e-03]
7;[7.4848139e-10 2.1931836e-14 5.1689092e-10 2.1043063e-10 9.7020961e-07 2.2156794e-09 1.6253244e-11 9.9999905e-01 7.2831208e-17 2.8442601e-10]
9;[8.44691215e-08 9.99977827e-01 2.99495290e-11 6.16050677e-09 1.04696744e-10 2.61765327e-13 8.45217851e-09 4.40104852e-15 1.37016275e-06 2.07470384e-05]
9;[9.9875414e-01 8.7103072e-05 4.9958732e-07 2.0287075e-10 1.6968908e-08 2.6213182e-15 2.5425189e-16 1.6040034e-11 1.1581347e-03 1.2331454e-07]
6;[8.5796164e-06 8.4087661e-09 1.7488239e-02 8.8423574e-03 6.8671867e-02 2.0368223e-05 9.0496749e-01 1.0646731e-06 2.9179791e-08 6.6030621e-09]
0;[9.9999964e-01 2.4013733e-08 3.0416420e-08 8.5362439e-15 1.6543567e-07 5.1600700e-20 4.6636807e-17 9.8582823e-20 1.8852164e-07 3.0437699e-17]
1;[1.13233034e-10 1.00000000e+00 3.62048165e-20 3.14568515e-20 1.07901931e-17 2.00081873e-25 3.17759752e-20 7.27997898e-27 4.31678832e-10 3.99575720e-11]
2;[6.2419013e-03 7.3656589e-01 1.5074368e-04 2.7064795e-03 4.6770416e-05 1.0408432e-06 3.0060836e-08 4.1274474e-05 2.5208479e-01 2.1610877e-03]
8;[1.2211384e-04 6.4763071e-07 2.4629990e-06 2.7712888e-01 2.0034890e-06 4.5445953e-03 4.1100480e-05 9.0077780e-03 5.1931411e-01 1.8983632e-01]
9;[1.8256750e-07 2.0575009e-03 2.4113054e-14 1.1797054e-06 2.1805481e-11 3.7937750e-15 4.6485189e-09 8.8067455e-13 2.7726951e-08 9.9794108e-01]
5;[1.0830028e-14 1.6181114e-17 1.0100626e-07 4.6038939e-04 8.8178943e-11 9.9953699e-01 2.5296268e-16 2.5513114e-06 5.8051729e-15 1.4181969e-08]
5;[1.64172445e-08 2.90500883e-21 1.14247014e-04 5.74371256e-02 2.92968783e-09 9.42448616e-01 1.59013479e-18 4.26147793e-08 1.36715184e-19 6.16543335e-20]
6;[2.7492142e-09 1.6725217e-09 2.8435180e-02 5.2966550e-04 2.6422200e-05 5.1586403e-06 9.7100359e-01 2.0083981e-08 4.7192538e-11 3.9262398e-09]
2;[7.5764452e-05 2.1502487e-07 7.5222901e-03 8.0684465e-01 1.4574388e-02 8.0475817e-04 1.7005570e-01 1.1340557e-04 1.2567297e-06 7.6171209e-06]
6;[1.7563038e-07 3.2859404e-08 4.0909480e-08 2.3129495e-02 1.6176527e-07 9.5253007e-08 8.2646520e-06 8.1023842e-05 3.1493339e-09 9.7678077e-01]
4;[4.2774397e-07 1.3510564e-11 3.2533819e-03 1.1563345e-05 7.4005091e-01 5.9636650e-11 2.5667620e-01 7.5200924e-06 2.7107255e-14 4.3877652e-10]
3;[7.3698962e-09 1.5657319e-07 2.9736789e-08 5.5505842e-01 1.6631449e-07 4.4488770e-01 5.3606525e-10 5.3425174e-05 5.4376549e-08 1.1482389e-08]
1;[1.6140955e-08 1.0000000e+00 4.7626730e-17 9.3236209e-16 7.3238111e-15 2.3084993e-22 1.5093712e-16 1.7211273e-24 3.3408273e-08 2.8126348e-09]
5;[7.1551049e-18 2.4501119e-16 2.2205314e-13 7.6123759e-02 8.7269694e-20 9.2387629e-01 3.7750556e-16 7.9902532e-20 5.8261377e-12 1.0575658e-15]
3;[1.4711636e-09 6.9637368e-13 8.7757531e-04 9.9887472e-01 1.2431242e-06 2.4651684e-04 1.8762918e-10 4.6603276e-13 1.0651496e-08 8.3600076e-13]
0;[9.99822199e-01 1.65126170e-04 3.26710428e-08 1.95076623e-07 1.06851388e-07 1.85517152e-18 1.07513337e-07 4.89788437e-16 1.22736565e-05 1.64996738e-10]
3;[3.3589118e-04 3.2002612e-03 1.7850321e-02 9.7856343e-01 2.7399961e-05 1.9000769e-05 3.3432661e-09 1.6216236e-09 1.2179717e-08 3.5987641e-06]
7;[1.7293922e-06 6.7859092e-09 2.7786497e-05 3.2010330e-06 9.9011260e-01 1.1675145e-08 1.6325254e-04 9.6914507e-03 1.7374782e-13 8.2556390e-10]
2;[1.0888031e-05 7.0920869e-14 9.9117237e-01 4.9863020e-03 1.6576460e-07 3.5868331e-03 9.8266874e-14 2.4345369e-04 5.8822952e-10 4.3113349e-10]
2;[9.5894779e-07 7.6686829e-06 1.4943065e-01 2.5694354e-07 8.5054475e-01 7.4243638e-07 1.3310417e-05 1.6749965e-06 2.9411050e-11 5.6963426e-08]
4;[9.3770146e-01 4.3538662e-06 8.4181438e-04 4.9053028e-07 4.0307078e-03 1.6846474e-12 1.2790256e-09 8.6403425e-06 5.1632314e-03 5.2249350e-02]
3;[8.1620421e-08 2.2816245e-08 8.6915614e-05 9.9987197e-01 9.4930983e-06 6.8642794e-06 2.4563205e-05 5.3916325e-12 1.0985244e-10 1.4571625e-08]
8;[5.49661081e-07 9.41091718e-11 8.05704461e-12 7.48828201e-15 3.72419326e-13 1.50325310e-20 4.38578672e-17 1.16385395e-22 9.99999404e-01 1.06605134e-13]
5;[3.3341150e-18 5.0050282e-16 3.0534528e-10 8.0350453e-01 7.2275769e-11 1.9649549e-01 1.4273388e-09 3.2736045e-13 2.8127347e-15 4.2591215e-11]
9;[7.6437283e-09 4.6730610e-09 1.2388603e-11 2.9786379e-06 1.2959976e-09 2.5157001e-10 1.2653409e-09 2.1516636e-03 7.1038986e-12 9.9784541e-01]
4;[2.21775364e-04 4.40082332e-10 8.72780085e-01 6.66755950e-03 1.19049944e-01 5.53033256e-04 6.98340824e-04 3.76159028e-06 2.49574641e-05 5.88225987e-07]
0;[9.9901152e-01 8.4371727e-08 1.9772203e-06 1.3148502e-11 9.6908707e-07 3.8196358e-16 2.9004034e-13 1.4193831e-08 9.8532846e-04 1.7182940e-10]
9;[1.4725408e-08 1.0000000e+00 2.3737874e-15 1.0381202e-21 1.9989131e-16 3.0122448e-27 5.8809204e-30 4.9804658e-20 2.1624796e-15 5.5230259e-10]
0;[2.8408063e-04 3.4177966e-11 2.2913612e-02 3.4744019e-07 9.7569329e-01 2.4139885e-08 1.5290203e-07 1.1085536e-03 9.6419468e-14 4.0566227e-14]
8;[8.7656319e-01 4.7452127e-06 6.5943673e-03 3.5320571e-08 2.2107753e-04 2.2479226e-12 3.6730594e-08 2.5181048e-13 1.1661662e-01 2.0854616e-09]
9;[6.7018942e-09 9.9999380e-01 2.1839372e-15 4.1733045e-12 3.7586901e-13 1.6790912e-19 3.9289001e-16 6.2367756e-18 4.5692243e-12 6.2564131e-06]
4;[2.4098142e-07 4.2549031e-09 4.2165252e-03 4.6057405e-04 9.8909491e-01 5.8294268e-06 6.2213857e-03 6.2831430e-07 4.7633526e-11 1.3601868e-10]
0;[1.4599296e-02 1.5611517e-04 2.4630940e-02 4.9425555e-05 8.6148590e-01 3.8185949e-08 9.9011578e-02 2.3321443e-06 4.4894026e-05 1.9410965e-05]
7;[5.2011240e-10 7.8107833e-12 3.4519832e-07 6.3088691e-01 8.6890545e-08 3.2565165e-02 4.3271786e-08 3.3629945e-01 7.7421939e-13 2.4791254e-04]
0;[8.0081946e-01 8.2278495e-09 1.3894592e-01 5.9345841e-02 7.5083692e-04 8.4683947e-05 4.8849062e-05 1.7551196e-07 4.0720461e-06 3.6184794e-10]
6;[2.1678267e-07 3.1556119e-08 3.1663173e-01 1.6591707e-03 4.3759206e-03 5.2884430e-02 6.2418509e-01 2.6337002e-04 4.4788093e-10 2.0215687e-08]
1;[3.8143055e-11 1.0000000e+00 9.8925342e-19 2.7702905e-21 1.0353375e-18 1.2400680e-26 5.6714391e-23 3.6878423e-24 3.5316422e-18 6.0709651e-09]
0;[6.9934301e-02 1.7379193e-06 8.0352519e-10 5.0753120e-11 7.5903070e-09 5.7703091e-19 7.7188291e-16 2.1254379e-17 9.3006390e-01 6.7290135e-13]
6;[3.6941403e-10 3.0573457e-05 1.6519178e-09 4.0277513e-03 2.7759006e-05 2.4053788e-09 9.9591309e-01 7.8176958e-09 6.0244976e-10 7.8192096e-07]
1;[9.9853750e-11 9.7193670e-01 3.1794838e-17 3.3154679e-09 9.3021698e-16 6.7090753e-17 1.3558409e-10 3.2824033e-16 1.3018667e-10 2.8063262e-02]
7;[2.1184372e-10 7.4309612e-17 3.6048985e-07 4.3792056e-10 5.3150632e-07 8.4570182e-09 5.1970461e-13 9.9999905e-01 1.1781457e-18 1.4478175e-11]
0;[9.9984217e-01 6.4763772e-10 6.2905352e-09 4.6663617e-10 4.5954383e-09 1.0377665e-13 5.6462831e-15 1.3381685e-12 1.5776536e-04 7.1810699e-17]
8;[6.3954886e-08 3.8216785e-10 9.4860986e-10 1.4622362e-06 3.8387551e-08 4.8689353e-10 3.8658530e-12 2.3916398e-11 9.9999845e-01 1.9137763e-08]
1;[9.9920076e-01 6.5393397e-04 7.9992249e-05 5.9214808e-12 6.5248561e-05 5.3795608e-16 7.7236112e-16 9.7875297e-10 4.6348127e-11 2.7313311e-11]
6;[2.9256975e-09 2.6200050e-06 5.8559812e-07 1.1653249e-02 5.3856466e-03 2.1037528e-07 9.8295379e-01 3.7173768e-06 8.8626492e-16 1.7966453e-07]
1;[6.7626452e-01 7.9862028e-02 1.8589284e-06 4.9792136e-11 2.4791056e-05 3.4086944e-15 1.7602295e-08 1.6807761e-16 2.4384676e-01 7.9868101e-10]
7;[1.0612895e-09 4.9314224e-08 1.3921979e-08 1.6894862e-02 9.1405985e-07 1.7398221e-02 2.3601501e-12 9.6540391e-01 1.6118911e-12 3.0201930e-04]
9;[1.8221031e-01 2.8466738e-03 1.6972986e-05 5.5430737e-06 3.2441520e-08 5.6386514e-13 1.2089154e-14 7.2752130e-08 1.4117607e-05 8.1490624e-01]
4;[4.9080759e-02 4.9386717e-11 4.3940570e-02 6.6425891e-08 9.0697861e-01 2.0962396e-12 5.4237171e-15 2.1795066e-09 4.1335141e-10 3.3991243e-10]
7;[5.0716200e-09 5.3303635e-16 1.2713491e-10 2.3861247e-08 1.4128203e-09 1.7986954e-10 1.6365465e-11 1.0000000e+00 5.9754306e-20 3.5638173e-11]
2;[9.9998987e-01 2.5861207e-14 7.5301814e-06 8.9001750e-11 3.3565659e-10 1.3558267e-13 8.4836597e-17 7.2450780e-13 2.6701534e-06 4.0724457e-17]
1;[4.6640508e-07 9.9999952e-01 1.7817537e-15 6.2361547e-15 1.5709127e-13 1.0884459e-22 1.6252060e-20 2.8114898e-21 1.5230844e-08 5.3039506e-09]
6;[3.9515693e-10 2.8644982e-09 3.0734191e-05 1.1556261e-03 3.9648157e-06 2.1660684e-08 9.9880958e-01 7.2585171e-10 6.7877610e-13 3.5015209e-08]
7;[1.8679357e-15 2.8917000e-17 2.9192418e-10 2.7764908e-09 2.1243142e-10 2.0638436e-06 1.0750229e-11 9.9999797e-01 2.3533612e-22 1.5052708e-09]
3;[7.8455914e-06 1.1326006e-10 1.5169734e-07 9.8510712e-01 4.1115463e-08 1.4884911e-02 2.9342814e-10 3.7845097e-10 3.7231879e-13 1.3032221e-18]
9;[7.5381426e-09 6.7066071e-06 6.8467682e-13 2.6455581e-08 8.3300372e-12 4.6580173e-16 1.0865204e-11 1.6043258e-10 9.1339401e-11 9.9999332e-01]
9;[1.53040601e-05 9.59628761e-01 7.23640895e-12 7.17065907e-10 3.15012461e-10 8.13131033e-18 1.40040445e-11 3.56629485e-16 2.94895599e-05 4.03264277e-02]
0;[9.5430619e-01 2.8660909e-06 8.9475885e-05 9.0950474e-05 2.4732476e-04 5.6766436e-07 2.3503755e-12 1.0492404e-03 4.4008091e-02 2.0531923e-04]
0;[1.0000000e+00 5.2121057e-11 3.3137680e-11 1.8053220e-10 1.9950500e-13 4.3783363e-16 1.2269983e-15 3.2030947e-12 3.2054082e-10 4.4146379e-12]
7;[9.8237979e-01 1.9342808e-08 1.6428983e-02 1.0429887e-03 1.3859184e-05 3.1374598e-06 4.2324874e-08 2.7565168e-09 1.3128991e-04 3.3630124e-10]
6;[1.5962048e-10 4.6961775e-11 1.8748250e-03 3.2016637e-03 5.3646414e-05 1.0577028e-06 9.9486876e-01 4.1386312e-09 3.8872655e-11 2.3697417e-08]
9;[9.7516988e-07 5.3436303e-04 2.6103117e-10 2.5054725e-09 1.3043607e-11 2.7384174e-14 4.0452686e-13 1.2148131e-14 3.7197140e-07 9.9946433e-01]
2;[2.1942142e-06 4.2270877e-08 7.4594474e-01 3.0698320e-03 2.5096795e-01 2.8543350e-06 1.2405951e-05 4.7015833e-12 2.5193332e-08 4.6742960e-11]
0;[9.9989593e-01 6.7792378e-08 9.6386088e-07 6.8857588e-08 1.0266148e-04 5.1165367e-11 5.7302466e-12 2.6422345e-08 1.8961489e-07 1.7119767e-10]
3;[6.9184441e-12 2.8942065e-10 2.5363274e-09 9.8882908e-01 8.8123085e-12 1.1154965e-02 8.5720258e-09 1.5927006e-05 2.8708082e-13 3.0263038e-08]
3;[4.6947295e-07 3.0360229e-07 1.6513286e-03 9.0851808e-01 4.7868185e-02 7.0767836e-03 2.8129106e-02 6.4680008e-03 2.0216644e-08 2.8771022e-04]
4;[1.2754633e-09 2.2293651e-08 6.0348371e-05 6.3432658e-01 3.4676364e-01 5.6957948e-04 1.8235911e-02 4.3873191e-05 2.6314861e-09 1.3425642e-08]
8;[4.7548346e-07 6.0645271e-09 3.7335413e-12 3.7877779e-14 1.2335318e-13 2.3292540e-19 6.5044060e-19 4.7372804e-19 9.9999952e-01 1.6529030e-10]
0;[6.5436369e-01 1.0281320e-03 6.9381891e-09 9.9850723e-08 8.9168353e-09 1.2271312e-11 6.5119013e-12 2.9906938e-05 8.7573135e-05 3.4449065e-01]
6;[9.78259959e-06 9.57829300e-08 2.57858634e-02 1.57657763e-04 2.11889947e-05 1.25417155e-05 9.74008143e-01 9.59924762e-09 4.21404548e-06 4.68151342e-07]
6;[6.83459803e-05 2.51223903e-11 9.94210124e-01 5.11253256e-06 5.60005056e-03 1.10168924e-06 1.14989045e-04 3.28337194e-07 2.46258534e-08 8.15742363e-10]
8;[7.5546780e-04 6.8750214e-06 1.6009082e-09 4.1060636e-07 6.2316935e-10 1.3251017e-14 1.7367281e-10 2.6543380e-14 9.9228454e-01 6.9527202e-03]
0;[9.2447466e-01 1.7389365e-08 7.0124090e-02 1.0226015e-04 7.9373427e-04 1.7034853e-03 3.9847265e-08 1.9368692e-03 8.6495723e-04 3.0790474e-11]
0;[1.0278819e-03 2.2793440e-13 4.6476692e-10 5.2033571e-17 3.8124127e-15 9.4631391e-22 2.8668726e-20 3.1347053e-20 9.9897218e-01 4.0492572e-17]
1;[9.9999487e-01 5.0533713e-06 5.3352299e-08 6.8690188e-12 9.1230239e-14 5.4747562e-16 1.9249638e-20 3.3501017e-15 1.6153263e-07 1.4577098e-10]
6;[2.3194514e-06 3.3023564e-10 1.2392773e-01 2.0079622e-05 5.0707620e-01 4.4419194e-05 6.0909521e-04 3.6832014e-01 2.8882073e-13 2.9480738e-08]
3;[1.7325996e-03 2.2786382e-13 7.8119785e-02 1.6120207e-02 9.0044087e-01 4.6669031e-04 3.0785177e-03 4.1378717e-05 5.2210450e-15 8.1187241e-14]
3;[1.0298206e-06 3.1859262e-13 9.9987710e-01 6.8547146e-05 3.9744868e-05 1.2555968e-05 1.3903352e-08 1.0785327e-06 2.1460229e-10 5.2167587e-10]
2;[3.0896621e-07 1.8454764e-10 6.7340615e-03 1.3034378e-01 7.1367243e-04 1.0281407e-02 4.7027552e-07 8.5192549e-01 5.9474723e-14 7.9211446e-07]
4;[1.9375170e-09 3.5839246e-13 9.9997580e-01 3.3356784e-08 2.4118588e-05 2.0330242e-08 9.7153467e-08 9.9872519e-09 8.2596419e-13 3.9716803e-11]
7;[4.2693398e-04 7.2756939e-06 3.2450487e-05 9.6496427e-01 1.8257422e-02 4.3395443e-07 1.6308622e-02 1.9712581e-06 3.5246510e-09 6.2375949e-07]
2;[9.5345886e-06 3.2361068e-08 1.3230908e-04 2.5791886e-01 5.5368179e-03 5.1921364e-02 1.7227532e-06 6.8270957e-01 3.4905270e-06 1.7662826e-03]
5;[5.4299912e-11 3.7420428e-13 2.2272002e-07 7.9402991e-02 1.5949994e-09 9.2044491e-01 2.4726955e-11 1.5180794e-04 6.1022070e-14 9.7212668e-11]
5;[1.03354782e-14 1.01340250e-14 3.13653235e-11 4.04328573e-03 3.30279525e-14 9.95956719e-01 6.20763315e-13 1.12615964e-13 1.03562723e-11 2.29444126e-16]
0;[9.9991381e-01 3.7071294e-07 2.7280278e-09 1.7969674e-09 1.0164457e-10 4.4164234e-15 1.2815001e-11 1.5987894e-09 8.0672864e-05 5.0603835e-06]
7;[2.0173859e-06 1.0587108e-06 1.4709016e-07 6.2664724e-03 4.8534945e-04 6.5104419e-04 1.0647217e-05 5.1637870e-01 1.1050583e-07 4.7620443e-01]
6;[7.1172934e-08 7.4609900e-09 3.6278735e-03 2.5487074e-04 2.8036546e-03 1.4094950e-06 9.9331194e-01 7.5842280e-08 1.8847172e-10 1.2942920e-09]
4;[6.4531159e-06 6.5759446e-06 1.2461854e-06 9.6574402e-01 3.5182671e-05 5.4373272e-04 9.4211434e-15 3.3241790e-02 2.4238205e-09 4.2085644e-04]
1;[1.0089339e-03 9.5897597e-01 1.1186534e-05 1.5183579e-07 8.2873685e-06 1.9808974e-11 6.7525866e-07 5.1253451e-10 2.0897526e-03 3.7905093e-02]
2;[1.1154156e-04 2.5032033e-22 9.9988842e-01 3.3062081e-11 5.7249951e-11 2.2578493e-10 2.0403780e-20 5.1674127e-13 4.2197019e-16 1.5731769e-23]
9;[8.3764098e-06 7.8797579e-01 7.3088389e-09 4.8311568e-07 3.9433591e-08 5.7696354e-14 2.0350377e-07 8.1441710e-15 1.9276910e-01 1.9246133e-02]
8;[6.4051386e-09 1.5795493e-08 8.0184277e-09 1.2867193e-08 1.9150778e-13 2.8652909e-14 5.1526218e-18 7.9099998e-09 9.6873805e-08 9.9999988e-01]
5;[4.7055590e-03 9.1636548e-07 5.4429313e-03 5.2520627e-01 1.5517990e-05 3.7661102e-01 9.2108627e-07 1.5338137e-03 1.0687963e-03 8.5414179e-02]
6;[3.4201432e-03 3.1333670e-08 5.2605789e-02 3.8601349e-05 5.0639248e-01 6.3487335e-08 4.3752435e-01 1.7635524e-05 9.2862029e-09 9.1957219e-07]
3;[5.4804632e-06 2.6127470e-06 6.5615182e-03 9.9309915e-01 1.1571219e-04 2.1246185e-04 8.0520073e-07 2.7166027e-09 2.1768053e-06 5.3359337e-08]
7;[6.3651609e-01 7.8003120e-04 5.2440708e-04 9.4680032e-03 5.1434283e-05 3.6830537e-05 1.2214435e-08 3.4791195e-01 4.3177609e-03 3.9352578e-04]
9;[7.5905184e-09 4.4421004e-03 4.9270643e-11 1.7119019e-07 2.9897682e-10 5.5651064e-11 3.1078251e-09 2.9861818e-11 2.1307423e-07 9.9555761e-01]
5;[3.5187091e-07 1.5009887e-08 9.4682975e-03 2.5441584e-01 2.5852630e-02 6.2332654e-01 2.7804071e-02 5.9115395e-02 7.6672757e-10 1.6815753e-05]
9;[9.1327232e-01 3.6539691e-16 8.2020864e-02 4.0823696e-03 1.6750423e-06 7.2234285e-14 5.5986502e-17 6.0681289e-04 1.7578030e-06 1.4302775e-05]
0;[9.0929741e-01 8.2188585e-09 5.5767965e-02 1.3251361e-06 6.2951650e-03 9.7336681e-08 9.2767363e-13 2.8152579e-02 4.8547128e-04 1.6531958e-08]
6;[6.7199301e-07 2.0411084e-11 7.2697787e-08 1.5936044e-09 1.6304914e-06 5.5615162e-16 9.9999762e-01 9.4108727e-13 5.2189067e-15 2.1294408e-14]
2;[9.6635283e-08 1.2587683e-08 3.9709594e-02 6.6988978e-06 4.9105370e-03 1.0727944e-09 9.5537305e-01 6.2567992e-11 2.6715405e-08 2.6626366e-09]
6;[1.22593906e-11 9.10092696e-11 7.37208516e-10 7.35163485e-06 4.94737629e-09 5.79816785e-11 9.99992609e-01 8.26353569e-12 7.66287465e-14 1.83080070e-12]
0;[9.9998939e-01 1.9526585e-12 1.0668332e-05 1.2200242e-11 5.0463023e-10 9.3414287e-16 4.9115317e-19 3.9100608e-15 8.2172458e-10 4.6535034e-17]
7;[4.5384837e-07 6.0951826e-04 1.2156082e-07 3.7698518e-04 2.1089820e-02 3.2884882e-06 1.1601489e-04 9.7424716e-01 4.3027187e-13 3.5566518e-03]
1;[1.2611910e-09 9.9973077e-01 1.8157225e-14 1.5170554e-10 3.5098072e-12 7.5744044e-14 2.5953005e-08 6.3334305e-15 1.2009156e-11 2.6921002e-04]
0;[3.0936683e-03 4.4284563e-04 2.6181209e-05 5.2571495e-04 1.8273784e-09 1.2001128e-04 2.3618698e-12 1.3139847e-04 2.6459441e-02 9.6920067e-01]
6;[1.4800736e-05 1.3113224e-07 1.3003017e-02 3.8607650e-05 1.0312265e-04 4.5174554e-07 9.8683959e-01 8.6880876e-09 3.3427116e-07 1.4110445e-08]
7;[1.9193258e-06 7.5843425e-14 9.8184694e-07 1.0449599e-07 1.5403808e-05 1.3109907e-07 1.0279795e-09 9.9998140e-01 5.2197330e-17 4.5072807e-11]
2;[2.6326199e-05 1.0155317e-11 5.4590118e-01 2.5619692e-01 6.9760154e-03 1.9089431e-01 2.9794359e-07 3.1879001e-06 1.7026115e-06 1.0142677e-07]
6;[2.2915678e-14 2.0005251e-11 1.9783246e-10 9.9881494e-01 2.1122840e-04 6.4056233e-04 6.3407810e-05 2.6738059e-04 2.3759383e-13 2.4217848e-06]
1;[1.2800770e-10 1.0000000e+00 2.7936007e-17 1.0617135e-13 9.0720990e-12 9.0766187e-19 3.5803372e-12 1.5878505e-19 1.6602129e-09 6.0596705e-10]
5;[1.2144111e-12 6.3592652e-11 8.9761258e-08 9.9994278e-01 1.3221303e-06 5.5609347e-05 9.3647401e-08 8.6281036e-09 3.9578449e-12 2.5416242e-09]
9;[5.6614060e-09 3.3773949e-06 5.1465854e-09 1.1639836e-02 3.2062323e-07 4.5714739e-07 1.1228261e-05 1.1176818e-09 6.8296237e-07 9.8834395e-01]
2;[8.9258856e-01 1.7203612e-12 1.5364858e-02 9.0889134e-02 1.7209457e-04 9.7089261e-04 4.6249734e-14 1.4445350e-05 1.7156564e-11 1.2704147e-17]
7;[2.7636774e-13 1.9700177e-16 2.0226952e-12 2.0411292e-10 3.4552434e-07 4.6718460e-09 1.5814299e-12 9.9999964e-01 3.5774726e-25 3.8649836e-14]
4;[1.9288335e-03 1.0478908e-06 9.9734551e-01 7.0515386e-04 6.0943566e-06 2.4154318e-07 9.9853195e-11 2.9812254e-06 1.0348728e-06 9.1360089e-06]
6;[8.3974414e-02 4.0548417e-01 8.6276086e-06 8.3764171e-05 1.3552638e-02 1.7066430e-09 2.1367167e-01 8.7040125e-06 1.2017174e-05 2.8320408e-01]
3;[7.0497183e-05 9.8145078e-04 5.9122063e-04 6.3009310e-01 1.2253418e-04 6.8596728e-02 2.9810864e-02 3.3142797e-03 1.8559820e-03 2.6456341e-01]
2;[1.0814550e-03 4.1482817e-11 9.4456679e-01 1.0908900e-06 5.4293763e-02 1.1239878e-08 1.3418119e-05 4.3482290e-05 3.0134242e-09 6.6210287e-10]
3;[5.0541269e-09 4.2331681e-01 2.7735284e-10 5.7647341e-01 1.8015866e-06 1.6556586e-06 1.1504375e-04 8.3031342e-12 9.1229122e-05 1.9928056e-08]
9;[1.0142821e-03 4.3834454e-05 6.9744027e-07 9.1103935e-01 9.8626209e-05 1.5112395e-08 8.0938259e-04 1.5692244e-04 1.4880548e-07 8.6836673e-02]
5;[1.8209713e-18 1.4396946e-17 2.7283505e-11 9.9928564e-01 6.7098471e-12 7.0886483e-04 5.5209662e-06 7.8966293e-14 8.0770375e-17 8.1072701e-14]
8;[1.5421325e-05 9.9685436e-01 1.8796011e-12 2.0347841e-09 3.5611599e-08 1.1332062e-13 2.5357354e-14 4.9095501e-09 3.0900917e-03 4.0198960e-05]
0;[9.4633055e-01 9.8493193e-11 5.3283993e-02 1.0289026e-08 8.0499660e-07 6.2629823e-08 7.1836458e-14 3.6565962e-11 3.8462595e-04 2.8311645e-16]
0;[4.7759065e-01 6.5444317e-10 5.0768548e-01 3.1715772e-05 1.4345134e-02 2.0488100e-09 1.0149870e-04 2.0766182e-08 2.4554713e-04 1.4427749e-09]
7;[3.5766566e-06 5.0335276e-01 3.1283353e-08 2.2724632e-03 4.9386567e-01 1.4559102e-08 2.7003310e-07 1.2628600e-05 1.4733433e-06 4.9107353e-04]
3;[9.5750413e-12 1.4751026e-09 7.6206511e-06 6.0718763e-01 2.8446139e-04 3.7048349e-01 8.4067105e-06 2.2025110e-02 8.6098927e-14 3.3371502e-06]
9;[7.1343884e-02 7.0886612e-01 1.4128089e-08 5.0873688e-05 2.4291712e-06 1.0806920e-11 1.7412370e-02 1.8293934e-10 2.0129371e-01 1.0306054e-03]
9;[6.1746178e-08 1.1471903e-10 5.0350638e-05 3.7845233e-04 5.2963588e-03 4.1987818e-08 9.9215299e-01 2.1173791e-03 3.7248447e-14 4.3950731e-06]
6;[4.4462176e-05 1.0799739e-08 4.1788869e-07 7.7686529e-08 2.8826497e-07 2.1939388e-15 9.9995470e-01 9.1338916e-13 4.2534230e-11 1.4281212e-08]
6;[2.9970403e-07 1.2399181e-09 8.5339352e-04 2.2703182e-07 9.9719268e-01 4.2381281e-09 1.9531179e-03 4.0827629e-07 3.9116826e-12 2.5052946e-10]
6;[8.2063058e-04 8.6115213e-09 1.7307068e-03 1.4330354e-03 9.9537283e-01 1.2452487e-04 4.7386870e-06 5.1354681e-04 5.7626620e-10 2.3329344e-11]
4;[5.0352099e-07 7.0212301e-11 5.5055595e-03 1.8823998e-07 9.9406284e-01 1.4962476e-10 4.3084027e-04 1.2864126e-08 3.9103464e-12 1.5783205e-12]
5;[4.3135904e-07 1.2529879e-13 9.8533362e-01 1.2853634e-04 1.4513338e-02 1.4688225e-05 9.3566732e-06 2.6182476e-10 1.0565253e-09 7.7000750e-12]
4;[1.7837157e-11 1.2164576e-08 3.5607477e-09 2.6401742e-07 9.9232340e-01 5.5958166e-10 6.9540845e-10 7.6762093e-03 3.1004326e-15 1.7384682e-08]
4;[1.85074248e-10 3.47520455e-07 1.92750758e-08 9.97351289e-01 5.01501141e-04 5.18551678e-04 1.62722310e-03 1.14558446e-07 1.08563438e-06 3.31758132e-09]
6;[4.2809884e-08 2.0376187e-06 1.1349220e-07 8.9525163e-01 4.4713829e-07 5.6950688e-02 4.7783419e-02 1.0357123e-05 1.5325567e-08 1.3390279e-06]
3;[5.3883258e-07 2.1691726e-12 5.9694920e-02 4.3332443e-01 4.1339490e-01 9.3585044e-02 3.9484664e-09 2.0467134e-07 4.6644524e-09 2.0839948e-14]
9;[4.9791937e-12 6.3523153e-08 2.0007306e-14 3.0575217e-12 2.9926058e-17 2.4521829e-18 1.2686519e-19 2.4286736e-13 3.2694034e-09 9.9999988e-01]
0;[2.0102470e-05 4.5547654e-21 9.9997985e-01 2.7235341e-09 7.9236422e-09 2.3738959e-13 5.2304932e-15 2.4465197e-17 1.5152742e-12 6.5082110e-23]
2;[5.0209111e-01 1.4310168e-02 2.0017947e-07 2.2815735e-05 5.8878487e-04 2.0389475e-11 2.8478766e-07 3.8299417e-09 4.8290327e-01 8.3435327e-05]
8;[2.5182163e-09 4.7884941e-14 4.3361968e-14 2.0613901e-16 3.6858721e-17 1.8450734e-21 1.2790566e-18 1.4343589e-22 1.0000000e+00 1.9257627e-13]
7;[1.6308520e-09 9.8517661e-12 3.3059310e-05 7.7179742e-01 7.0722967e-02 2.6274465e-02 1.4256317e-06 1.3117065e-01 7.0535397e-11 5.9563277e-08]
4;[2.7848117e-04 1.2485856e-04 2.6428110e-03 1.2589175e-04 9.8419040e-01 1.6336539e-09 1.1743391e-02 3.1568612e-11 8.9157710e-04 2.6340131e-06]
5;[3.6587764e-17 5.2506346e-12 7.9354526e-14 9.9996495e-01 7.6968849e-09 2.5534911e-05 9.4508196e-06 1.9613742e-13 9.1885269e-08 6.9861816e-16]
1;[5.5639430e-05 9.9852765e-01 1.1225810e-03 3.2475799e-07 1.7938303e-08 1.2995952e-05 1.0364105e-12 5.3187443e-07 1.4347879e-06 2.7894022e-04]
6;[1.2089401e-02 1.6909401e-04 7.3894334e-01 1.9112291e-02 1.3901439e-01 8.8814320e-04 8.2068101e-02 3.3892691e-06 7.6644951e-03 4.7351710e-05]
6;[2.3727211e-09 4.2868905e-07 1.7184410e-08 3.9099553e-04 1.0387041e-06 1.4950300e-09 9.9960119e-01 2.8272424e-07 5.5696474e-13 6.0823486e-06]
6;[4.3720297e-06 6.4763086e-08 1.4307050e-01 9.3148639e-03 4.0941197e-02 3.0441732e-05 8.0663842e-01 5.5254034e-08 8.9241929e-09 1.7452505e-08]
3;[1.99298396e-13 2.13754990e-15 2.37953827e-06 9.99269307e-01 6.98416443e-07 7.27547682e-04 1.09826016e-10 3.47514309e-11 7.60668536e-15 5.90396258e-17]
7;[1.4634577e-11 1.9603500e-13 3.5646357e-04 2.4498835e-02 9.0347419e-07 9.7511274e-01 1.9121622e-08 2.7944798e-05 3.9603446e-11 3.1645120e-06]
9;[1.0538248e-08 9.9999917e-01 4.7705435e-09 4.3689503e-11 2.6247571e-14 2.5591165e-15 5.2907779e-15 3.8877998e-17 3.2718185e-07 4.6379461e-07]
0;[1.7745521e-02 7.5527288e-02 5.4494189e-06 3.6448648e-05 3.4165052e-05 2.2495806e-07 5.5905949e-02 8.1281009e-08 7.7085453e-01 7.9890296e-02]
9;[9.2703020e-03 8.4278691e-01 2.3687717e-08 1.1347030e-09 4.0994466e-09 9.2363404e-17 2.6418752e-12 7.0811499e-18 1.4794227e-01 5.0131717e-07]
9;[6.9165809e-15 9.9554271e-01 2.8678339e-17 7.0353923e-09 4.5369396e-11 1.3456335e-12 2.4701564e-11 4.0374964e-17 6.7589949e-13 4.4572619e-03]
2;[1.6521799e-03 2.3942612e-09 7.0430207e-05 1.5020502e-05 4.4493400e-04 3.0152830e-06 1.3805846e-09 6.3720089e-01 1.7655609e-02 3.4295806e-01]
6;[7.0733064e-16 1.5602735e-12 1.2353219e-11 8.7568930e-07 3.5542667e-09 4.9260575e-11 9.9999917e-01 7.4115323e-12 6.7952670e-19 3.5507006e-10]
5;[2.6484165e-20 1.3488747e-22 3.4064239e-13 2.8135398e-06 1.5203953e-14 9.9931717e-01 3.6652829e-20 6.7998742e-04 9.2902343e-26 3.7533266e-16]
6;[5.6190506e-14 9.0643534e-12 9.4479884e-12 9.5798182e-01 3.7595000e-11 4.2018153e-02 4.6039128e-09 3.5639454e-12 4.5118864e-09 9.8640361e-14]
0;[8.6842656e-01 3.0607478e-07 2.2643726e-06 5.8848033e-13 1.7184423e-09 2.9174520e-18 6.1285152e-16 1.5851340e-16 1.3157088e-01 1.6020247e-12]
5;[7.5539828e-14 1.0575069e-16 4.0230069e-11 7.9442875e-04 5.1726722e-15 9.9920565e-01 3.0800003e-16 3.1726258e-10 2.6443926e-15 9.4096454e-13]
6;[9.1825115e-07 3.8694601e-08 8.4272906e-06 1.0611021e-01 3.3687891e-05 6.6982661e-06 8.9357084e-01 2.6892326e-04 1.2368933e-11 2.5568971e-07]
3;[1.0712809e-08 7.2616365e-07 3.8102092e-04 5.7828389e-02 9.0143102e-04 2.5985955e-08 9.4048160e-01 8.6632531e-07 2.3893389e-09 4.0587518e-04]
9;[1.08248466e-13 1.00000000e+00 2.31101886e-15 1.99135196e-12 3.34865802e-10 3.27380440e-12 3.01458809e-13 6.56198542e-17 1.69328440e-12 2.19443930e-08]
3;[9.48058903e-01 2.02802266e-13 1.23280811e-03 1.18409226e-07 1.02053452e-02 1.91670620e-06 2.71786066e-13 4.05009054e-02 2.38063824e-16 1.45080399e-16]
2;[9.9991584e-01 3.7209465e-11 8.3685874e-05 3.0379766e-07 6.3435817e-09 8.7780272e-09 4.2050519e-15 1.0121286e-12 6.9071667e-08 5.9531445e-16]
5;[4.2353690e-07 1.9444171e-09 1.2834796e-02 6.0845013e-03 1.4757299e-02 9.6609581e-01 1.8695980e-07 2.2686164e-04 1.2145314e-09 1.6888395e-09]
1;[4.0334626e-04 3.4788156e-01 2.7870038e-01 9.8665301e-03 6.2356722e-02 1.3810335e-04 1.8302852e-04 1.1488521e-11 3.0046955e-01 7.9503235e-07]
2;[8.6084189e-09 1.4477084e-09 8.1633806e-02 1.6566892e-05 8.9416319e-01 6.2882896e-07 2.4185764e-02 3.3260337e-09 1.3341132e-10 1.6597852e-11]
8;[2.3682117e-03 4.8953464e-08 2.0326456e-09 6.4124159e-15 1.2348462e-12 2.7605385e-20 1.0316462e-16 1.3132856e-21 9.9763179e-01 4.9371952e-12]
1;[3.9268551e-05 3.4707892e-03 5.4320232e-10 4.3151358e-14 4.5023941e-14 4.6241764e-19 2.5335193e-20 1.8991288e-17 9.9648970e-01 1.1105184e-07]
6;[1.4051121e-04 1.6253257e-09 4.8724663e-01 5.0892222e-01 1.1836361e-04 1.9296944e-03 8.4328000e-04 7.9878530e-04 1.4557164e-12 5.2439043e-07]
6;[4.44339787e-10 4.41528044e-07 1.60052362e-08 1.59551661e-07 5.82540849e-07 9.27209953e-09 9.99439299e-01 1.14293825e-05 4.40804681e-17 5.48059470e-04]
3;[2.8197981e-05 1.6377184e-04 2.8450922e-03 9.9308032e-01 1.5210568e-03 1.7065662e-05 3.6691166e-05 1.2906159e-07 1.3534889e-04 2.1724454e-03]
4;[5.9679183e-05 2.4045685e-10 9.1544622e-01 3.3068165e-02 7.3306370e-03 4.1123923e-02 2.9094177e-03 6.1869090e-05 1.3882787e-08 6.2613218e-08]
9;[7.2174261e-14 1.4622660e-07 1.0344023e-14 7.2906128e-06 2.6333851e-14 1.6333073e-01 5.7142480e-10 1.3774402e-03 1.1576716e-14 8.3528453e-01]
8;[1.7737329e-02 3.1266678e-05 9.0751136e-03 3.7159212e-02 2.6485046e-05 6.8284184e-01 4.6522874e-09 1.5894746e-02 2.3720628e-01 2.7720167e-05]
6;[8.18927981e-11 2.82040728e-11 7.08867311e-01 1.28334435e-02 2.74055839e-01 2.50923426e-06 4.24088677e-03 1.33419242e-09 9.49161721e-11 8.91026253e-10]
9;[5.8607845e-12 3.7792732e-13 6.1389512e-14 3.7464837e-08 1.6021835e-14 3.2783753e-14 2.0211336e-16 1.3680817e-08 5.8461395e-11 1.0000000e+00]
6;[2.3916153e-05 3.8807900e-07 3.4906901e-03 1.4438665e-05 7.9812491e-01 2.6974369e-08 1.9834518e-01 4.8135996e-07 4.4242920e-08 2.9038345e-09]
6;[3.8285789e-04 3.4339737e-05 1.9687095e-03 3.0066713e-03 6.7170300e-02 4.3438232e-04 9.2634040e-01 6.5332570e-04 3.6247216e-06 5.4384464e-06]
8;[5.4474641e-04 3.1309995e-05 1.1155830e-04 3.3100191e-04 8.1767654e-04 1.5948213e-08 1.8121148e-03 1.5102300e-10 9.9635160e-01 4.4819416e-08]
6;[4.7397728e-07 1.1931062e-11 7.0913368e-01 2.9660644e-06 3.9900391e-04 1.4781528e-08 2.9046389e-01 7.1063339e-10 7.0295931e-12 1.9247442e-12]
3;[2.7497234e-05 4.8529855e-06 2.5308013e-04 1.2906502e-02 5.2717258e-04 6.5895295e-01 2.4992763e-09 3.2732752e-01 4.6863090e-07 3.6398625e-08]
4;[3.4448717e-04 1.0275996e-06 1.6128400e-01 3.6382757e-03 6.7402053e-01 3.0828931e-05 1.6062734e-01 5.3150652e-05 2.4986443e-07 1.4166322e-07]
5;[4.1222470e-13 1.8652140e-14 4.8813588e-04 9.5133567e-01 8.4374136e-05 4.8089907e-02 1.6692087e-07 1.7928647e-06 5.1753697e-13 1.9435560e-10]
8;[1.9347604e-03 3.7276270e-05 1.5884850e-02 9.9590890e-02 1.6910989e-04 3.3083672e-04 1.5067828e-05 9.3080490e-07 4.9153936e-01 3.9049682e-01]
1;[8.5309289e-08 9.9999881e-01 5.6227734e-14 5.2064639e-08 2.4453257e-09 2.9727557e-12 3.9059683e-15 3.6054457e-10 2.3542137e-09 1.0569769e-06]
1;[1.8438768e-03 6.0763098e-02 1.5204220e-10 1.1344589e-04 1.0202668e-06 1.1032396e-12 8.8153960e-05 5.8946103e-15 9.3717068e-01 1.9777946e-05]
1;[2.3571803e-01 4.1502991e-01 1.1129737e-03 1.0210820e-04 1.2371646e-06 1.2802960e-10 1.5663429e-05 3.3818262e-07 1.7817542e-01 1.6984424e-01]
4;[1.0490019e-09 8.8312333e-08 2.2734093e-05 5.9875146e-02 9.3460709e-01 2.4948857e-05 5.4682554e-03 7.9803746e-09 1.6643875e-06 4.1797006e-09]
9;[5.1636569e-04 1.2281432e-06 2.9456231e-04 4.5546301e-05 5.0771381e-05 9.6573671e-10 1.3011287e-08 3.2149719e-03 6.5342334e-08 9.9587643e-01]
9;[2.5495497e-04 9.6120369e-01 1.3497292e-09 7.4592656e-03 3.6700018e-05 1.0873684e-07 5.5640430e-07 8.3702088e-07 1.1612954e-02 1.9430963e-02]
2;[8.0036402e-02 1.2349010e-04 7.6795530e-01 1.4291520e-01 6.6706096e-03 3.8893052e-04 1.1528406e-03 4.6937758e-04 1.6957267e-04 1.1828048e-04]
8;[3.5600038e-05 2.0409350e-07 1.0750249e-08 2.7694997e-09 1.1691217e-10 8.5793655e-13 9.5124143e-12 7.8591512e-14 9.9996400e-01 2.0257843e-07]
9;[1.6034170e-04 1.0999454e-09 7.4263138e-05 1.7296461e-06 3.0004689e-08 9.7310354e-12 1.4462686e-11 7.9708845e-10 9.9432904e-01 5.4344749e-03]
5;[3.0321075e-05 7.4276536e-09 9.9992740e-01 3.5195018e-08 4.2245971e-05 3.6346076e-10 5.0997473e-10 1.7239714e-10 8.6259142e-09 1.6642303e-12]
5;[1.9670995e-03 1.4187134e-16 5.8175951e-01 1.0564893e-03 4.5097035e-08 4.1521677e-01 2.1236133e-11 1.1034331e-09 5.5361326e-08 8.9354730e-12]
9;[2.3068535e-06 1.2176216e-05 5.2496362e-06 9.4041222e-01 9.4453808e-06 1.2494548e-04 2.9050697e-02 8.5089135e-04 5.4869052e-08 2.9531980e-02]
1;[7.4107977e-11 9.9561763e-01 1.4018765e-10 2.6569300e-08 3.7882246e-13 3.2395212e-07 1.7863382e-16 1.5336978e-11 2.8862765e-12 4.3820082e-03]
4;[9.2449000e-07 5.1793845e-09 3.6263043e-01 5.1552854e-02 9.5295227e-06 5.8468902e-01 6.9676133e-08 1.1063548e-03 4.8908499e-10 1.0899166e-05]
0;[9.0343893e-02 4.0987519e-08 7.3390359e-01 8.8288546e-02 8.5368574e-02 4.3137770e-06 4.5457878e-06 5.3015392e-04 9.5457933e-04 6.0178101e-04]
0;[1.3187839e-05 7.8009563e-09 1.2959909e-15 3.4444598e-26 1.1552719e-21 4.1668258e-34 1.3111356e-33 4.5141225e-32 9.9998677e-01 1.1025458e-19]
9;[7.9356369e-07 2.5911789e-04 3.8291134e-11 2.6374198e-07 2.2941115e-12 4.7500726e-11 1.4232664e-10 1.6395457e-09 2.7083846e-07 9.9973959e-01]
7;[1.17723095e-12 6.00874385e-12 4.38294904e-07 1.33052454e-04 7.85137377e-09 2.44525859e-06 9.99863982e-01 1.16011326e-10 4.03282923e-14 1.46180373e-10]
9;[8.9336559e-12 9.5952719e-06 4.2678496e-11 6.6655162e-03 6.8449153e-09 1.2325527e-02 3.0883582e-06 2.2875308e-07 4.0005716e-08 9.8099601e-01]
9;[4.6950923e-03 3.4558116e-06 2.0661525e-01 5.1267198e-03 4.4154201e-04 6.7609673e-09 7.5718987e-08 6.6474672e-06 1.3372274e-02 7.6973885e-01]
9;[1.8996778e-07 9.5416917e-06 6.4624707e-12 2.1138362e-07 8.6680862e-12 1.4392120e-14 2.6969007e-11 3.1550826e-08 4.7781672e-09 9.9998999e-01]
5;[1.0308331e-06 5.0546278e-14 9.9239361e-01 6.9895947e-09 7.6053031e-03 2.0126872e-10 7.2049926e-09 3.6048144e-11 6.0001444e-12 8.4644045e-15]
4;[1.90107855e-07 2.12718371e-10 1.09121365e-05 6.38728857e-01 1.89302444e-01 1.01113155e-01 1.23724249e-06 7.08432272e-02 7.96481547e-09 1.23689545e-10]
3;[6.3798791e-05 4.6233541e-08 5.4501968e-05 4.5979745e-03 1.0457364e-03 2.8520217e-06 9.9420172e-01 3.0259731e-05 4.2476966e-08 3.0738613e-06]
6;[1.5434067e-05 2.6468592e-04 5.0041604e-10 1.1607854e-01 5.8222518e-05 3.1539635e-08 8.8357437e-01 1.3963532e-07 2.9721965e-08 8.6067948e-06]
9;[4.65588412e-09 1.22298695e-01 1.19909399e-13 2.56410468e-15 6.53368831e-18 3.46377944e-22 2.84725756e-24 1.00692837e-17 2.02091833e-04 8.77499223e-01]
0;[9.9999535e-01 2.4802996e-12 2.3708326e-06 1.5023304e-12 7.4539317e-09 1.5679928e-14 4.0222728e-18 4.7938041e-16 2.3068394e-06 6.8204027e-20]
1;[1.9848247e-03 9.9476141e-01 4.0943273e-06 9.4981445e-09 5.6499312e-09 6.4695068e-12 7.5438666e-12 1.0930758e-11 3.2496189e-03 1.9446689e-10]
9;[4.9353962e-06 5.4486696e-07 3.0171826e-12 3.8008068e-09 2.4875513e-10 2.5996889e-16 4.7608939e-12 7.5385770e-13 6.5435557e-07 9.9999380e-01]
2;[2.1493153e-05 2.5938807e-10 9.3007696e-01 9.2741841e-04 6.8907753e-02 2.6398986e-05 3.9703453e-05 2.5473158e-08 1.9115841e-07 1.2651792e-10]
9;[2.7676011e-04 1.9618655e-03 4.3717568e-15 4.2442391e-12 5.3828912e-16 8.3744063e-18 1.2868174e-17 1.8573793e-14 9.7720115e-04 9.9678421e-01]
1;[1.0036470e-06 9.9999845e-01 5.2742476e-12 2.8361150e-11 2.2125406e-09 5.9766674e-15 4.5082746e-16 5.6503180e-13 5.4391677e-07 4.7983299e-08]
7;[5.91914904e-05 8.66761929e-23 9.92777228e-01 1.29490809e-06 1.15267373e-09 1.69599822e-04 1.86594394e-22 6.99273776e-03 4.66225675e-16 1.14644205e-17]
7;[5.2312083e-07 1.8304273e-11 3.1926774e-03 8.2209909e-01 5.6492392e-02 3.3299460e-03 7.0963230e-05 1.1479743e-01 3.3529700e-11 1.7078555e-05]
8;[7.0435190e-06 2.6796073e-01 1.5605298e-09 8.9900067e-07 6.4940456e-11 8.2512781e-12 4.0441830e-11 9.9250638e-14 7.1042186e-01 2.1609502e-02]
4;[8.4707387e-11 3.9246961e-18 1.8003069e-04 1.5426325e-08 9.9978632e-01 1.2739312e-07 5.4328530e-12 3.3508801e-05 7.7719475e-17 3.2598294e-15]
8;[1.5579559e-15 1.0443490e-12 6.2001645e-18 4.1814018e-12 2.6591915e-14 7.6073339e-17 1.1876523e-14 7.3340901e-25 1.0000000e+00 1.2194791e-18]
0;[1.0728227e-02 4.7869899e-09 2.1973454e-12 1.4930609e-13 6.8181425e-13 1.2201931e-18 8.1394754e-18 6.3794472e-17 9.8927176e-01 5.1418256e-13]
7;[1.1605459e-01 3.1833767e-06 8.1192211e-06 5.4112185e-02 6.9762757e-03 4.1906858e-07 9.2001922e-02 7.2424388e-01 1.2296279e-06 6.5982090e-03]
5;[9.6886077e-17 3.4814812e-21 7.2307403e-06 7.9010337e-05 2.7049615e-12 9.9991369e-01 3.2018206e-17 7.3144234e-12 1.3581320e-18 6.8109422e-16]
2;[8.7541065e-11 4.7153854e-22 9.9999952e-01 1.2926499e-15 4.2847151e-07 1.7596200e-14 5.6036689e-17 5.4795663e-16 1.0820184e-19 1.9045019e-25]
2;[1.35443190e-06 1.38646716e-09 7.00738132e-01 2.53953924e-03 1.26695931e-01 1.69640824e-01 7.90504107e-09 3.84168379e-04 1.15258685e-10 1.72191164e-10]
4;[4.5071005e-07 1.3285636e-07 9.8608849e-05 1.6839737e-01 3.3715063e-01 3.7484571e-01 3.5002271e-10 1.1950435e-01 5.6388904e-11 2.7110052e-06]
7;[1.4335202e-04 2.5454707e-08 1.9044852e-06 1.1979858e-05 1.5173986e-05 3.6879328e-06 1.4632894e-15 9.9982375e-01 8.4197474e-08 2.7386218e-08]
0;[9.74378407e-01 3.90050991e-06 2.12291479e-02 1.25598435e-05 1.90105208e-03 9.51712806e-08 2.24452208e-07 6.14162332e-07 2.47383933e-03 1.00480271e-07]
6;[3.6877486e-06 1.3256012e-07 2.9709921e-03 3.7613316e-03 1.3278790e-01 1.4961228e-07 8.6045945e-01 4.1583816e-11 1.6345592e-05 6.6583711e-11]
0;[1.7830743e-01 3.8343302e-07 8.1878352e-01 9.9367462e-05 5.9904646e-06 2.6514826e-03 1.3105255e-11 6.8362991e-09 1.5188649e-04 2.0581745e-11]
2;[4.2159371e-03 1.6686639e-09 9.9065417e-01 1.1006474e-06 5.1264809e-03 6.5579468e-07 1.8140594e-07 8.6417744e-09 1.3279204e-06 5.1663574e-12]
9;[7.5689568e-03 2.3343605e-06 7.3093543e-05 3.2519585e-09 9.5884630e-08 8.3530324e-16 8.9325282e-14 1.0354077e-12 9.8988706e-01 2.4684053e-03]
8;[4.8817210e-02 1.6758307e-10 9.8344586e-05 8.3572122e-05 5.5885675e-07 1.0407605e-08 9.9075500e-08 1.9573332e-09 9.5100027e-01 1.5540270e-08]
5;[3.8054136e-13 1.3128865e-11 8.0185498e-07 5.0087398e-01 3.1058601e-08 4.9912256e-01 2.6565301e-06 2.2738675e-10 4.8898461e-13 5.7824606e-11]
6;[7.2105584e-09 1.7993213e-07 3.4012814e-05 4.2428910e-06 6.7196257e-02 1.6384950e-10 9.3276525e-01 4.3764623e-09 1.0396996e-12 2.2922746e-09]
0;[3.7737952e-11 1.0756595e-03 4.8265145e-05 9.8544323e-01 4.5631693e-10 1.3362992e-02 6.5245782e-05 7.2716322e-10 8.1742141e-11 4.6652294e-06]
2;[1.1229901e-06 2.9486123e-15 9.9995577e-01 3.7471167e-05 6.2084116e-10 5.7071657e-06 1.4599419e-15 1.7686659e-09 1.1193074e-12 4.0763408e-13]
0;[1.4973659e-02 1.8466014e-08 1.2528062e-09 3.9421671e-10 6.6296925e-12 7.2404302e-14 5.1366773e-16 3.9768389e-10 9.8499334e-01 3.2945129e-05]
1;[4.5160359e-10 9.9963272e-01 4.7693195e-18 1.4256774e-12 1.7184213e-14 2.6439048e-18 1.3639463e-14 4.2951450e-20 2.2846459e-07 3.6703775e-04]
9;[4.3156412e-09 5.6398779e-01 1.5535051e-16 3.1937998e-12 4.4620110e-13 5.0941310e-18 8.8299127e-15 7.2381284e-16 1.3798328e-09 4.3601221e-01]
4;[9.9999702e-01 6.5243644e-13 2.9544167e-06 1.8619202e-10 5.3902655e-10 4.2866654e-13 5.9935707e-17 3.1953062e-15 9.3477190e-09 2.7798457e-18]
8;[7.2988155e-06 3.2954642e-08 4.8012455e-10 8.6215655e-15 9.6340709e-13 2.1517118e-20 7.9769526e-17 3.4775120e-19 9.9999273e-01 3.8511579e-11]
2;[6.24977474e-06 1.59885079e-04 1.21100114e-04 6.93410519e-04 6.49071519e-10 1.46303477e-03 6.89576723e-07 9.90354896e-01 4.61174787e-09 7.20071560e-03]
4;[1.9004709e-03 1.1112253e-07 3.5158929e-04 8.7484543e-04 6.1453409e-03 2.2064430e-04 2.7151761e-09 9.9047840e-01 2.2212251e-05 6.3846637e-06]
1;[3.0331518e-07 9.9990177e-01 2.9200589e-13 4.0057454e-13 6.3101607e-13 2.9197812e-20 2.5447666e-19 1.5212273e-17 7.2007467e-08 9.7860277e-05]
0;[2.7165166e-05 2.2224622e-08 4.7494546e-09 6.4518453e-11 5.5432758e-10 1.7180045e-16 1.4749384e-11 2.1899447e-18 9.9997282e-01 7.4755112e-11]
1;[9.3775654e-10 9.9457896e-01 5.8129767e-17 8.1583572e-08 2.3083585e-11 2.8779743e-12 3.1257033e-09 3.7462473e-16 5.1093800e-09 5.4209339e-03]
9;[9.3986921e-04 2.1259927e-09 4.9326513e-07 9.9738616e-01 4.8190459e-06 1.3770510e-07 1.6649121e-03 3.5936264e-06 3.4528416e-09 4.6111395e-10]
7;[2.3869641e-12 2.7851634e-18 3.9030019e-05 5.7575814e-08 1.3619672e-04 6.0149897e-03 1.8838890e-18 9.9380976e-01 1.8091768e-18 1.6342198e-16]
8;[1.2190985e-13 2.6887059e-14 1.2352897e-19 5.3757410e-22 7.7084979e-24 3.2722672e-28 4.8253035e-26 1.0280426e-30 1.0000000e+00 3.6318576e-17]
7;[4.2143772e-14 1.9550583e-18 1.0547111e-18 6.4439985e-12 1.1316587e-14 4.9688010e-14 9.0660320e-26 1.0000000e+00 8.3515891e-30 3.7283508e-18]
9;[1.5802108e-02 1.9212096e-07 3.5084524e-10 5.9631228e-12 2.1574367e-11 8.5368017e-18 4.8365110e-13 1.9964366e-19 9.8419768e-01 1.5058946e-08]
7;[2.7597296e-01 1.9602540e-08 2.9396006e-01 5.4580811e-04 8.3840005e-03 2.8726582e-03 6.4689587e-08 4.1586202e-01 2.4024216e-03 7.9933477e-10]
4;[1.6703142e-02 5.5152700e-06 7.2739708e-01 3.0570699e-02 1.8417922e-01 2.9355795e-07 3.4511837e-04 1.4551851e-07 4.0762819e-02 3.5967576e-05]
0;[9.9900550e-01 7.0754305e-04 4.1927711e-07 2.5797925e-07 1.1015995e-04 9.2535993e-11 1.0638519e-11 1.3404571e-05 1.4007436e-04 2.2603104e-05]
8;[1.4628401e-07 5.3532684e-08 2.4645658e-15 4.6073045e-19 1.6502728e-18 4.6064269e-26 2.1169507e-23 5.8734017e-25 9.9999988e-01 3.0073319e-11]
0;[9.99199569e-01 1.07446017e-10 1.10038636e-04 9.47223419e-13 3.46459018e-07 3.68149106e-16 7.71196718e-10 1.60017295e-16 6.89980399e-04 1.99322576e-16]
6;[3.1127323e-10 6.7499855e-08 8.1552821e-07 8.4086041e-06 5.2091417e-07 8.0266487e-09 9.9998701e-01 4.3849163e-08 3.6172742e-12 3.2240837e-06]
2;[4.82430229e-17 9.78719846e-24 9.52738702e-01 1.14518078e-02 1.46196735e-08 3.58094499e-02 4.46288839e-18 1.65847219e-12 2.02480485e-21 1.08236597e-14]
2;[1.7469158e-07 5.2229370e-11 7.2378665e-01 2.7246177e-01 1.3596610e-04 3.1623889e-03 4.5293171e-04 9.5239425e-09 9.6275876e-08 1.1849077e-08]
0;[5.0996589e-03 5.8919191e-03 1.3397655e-02 2.8309128e-01 4.3872556e-01 2.6755653e-05 2.4883439e-01 1.3681692e-04 4.6291039e-03 1.6676624e-04]
1;[9.9935991e-01 3.5217943e-06 3.4216227e-04 2.2603106e-12 2.3760079e-04 2.9424939e-17 8.3786228e-11 6.7142064e-10 5.6838067e-05 2.7755993e-08]
1;[3.5808905e-06 3.1789795e-01 3.9114227e-07 1.2864193e-07 5.2774347e-12 3.3717895e-09 1.9042177e-15 1.1356334e-09 2.6792177e-04 6.8183005e-01]
2;[1.1710837e-07 1.0266465e-11 3.7419025e-04 9.9791068e-01 2.0953577e-07 1.7130314e-03 1.2637540e-06 3.6037190e-07 8.2124979e-10 1.2408889e-09]
9;[8.4025712e-12 1.0477863e-09 3.3862164e-15 4.0875792e-12 8.6331178e-18 5.8874735e-19 4.0503472e-21 2.2972675e-15 1.9344818e-06 9.9999809e-01]
9;[3.5714938e-11 4.1141108e-02 6.2067074e-11 7.5837248e-05 1.4883731e-09 5.6067406e-06 1.2849612e-12 4.4277468e-07 2.8378396e-12 9.5877695e-01]
6;[1.9690338e-01 3.7584575e-06 2.4701997e-03 3.1797276e-07 6.1819311e-03 4.3621006e-11 7.7146088e-04 1.1659562e-11 7.9366899e-01 5.5834115e-09]
2;[1.5047170e-01 2.0174393e-18 8.4952039e-01 3.6358256e-09 7.7624345e-06 2.4231048e-09 8.1531160e-20 6.0151969e-08 1.9401327e-23 1.6272319e-22]
0;[9.7173768e-01 9.3775792e-03 1.5704990e-07 3.7237058e-09 2.6691135e-08 4.2896179e-15 1.2997158e-12 1.5164880e-11 1.8372502e-02 5.1215396e-04]
8;[3.06387823e-02 1.10143694e-04 1.66703194e-05 5.67838033e-05 3.99734534e-04 1.79861820e-10 5.92057841e-05 4.45990223e-09 9.62912083e-01 5.80662070e-03]
4;[7.8763253e-05 3.2954618e-11 7.7118330e-02 3.8679113e-06 5.0853984e-04 8.6048885e-06 2.0036866e-07 9.2228162e-01 2.7439825e-11 4.1203904e-08]
2;[1.1946892e-08 9.1313570e-09 3.0813894e-08 1.8647761e-05 9.9017916e-07 1.2765882e-12 9.9998033e-01 8.8317895e-11 1.0551328e-11 1.8119598e-08]
5;[1.4000733e-14 7.8152818e-11 5.7271393e-10 9.9969018e-01 3.8863288e-11 3.0887502e-04 9.2790373e-07 2.2176295e-12 4.7763998e-12 2.1548640e-08]
5;[2.2880375e-04 8.1683800e-12 9.9839121e-01 5.7608322e-06 1.1283272e-03 1.5572037e-04 4.3048014e-09 9.0160393e-05 2.8782150e-08 1.9391032e-11]
6;[1.8383071e-05 3.5039513e-04 5.9920305e-05 9.3079314e-02 3.1363617e-03 6.8594996e-09 5.1676810e-01 5.4361005e-09 3.5455861e-04 3.8623291e-01]
5;[4.9038212e-05 8.0800945e-01 1.2041041e-09 1.6978454e-05 5.6466374e-09 3.5730147e-04 1.0545987e-08 3.0982803e-05 6.5385962e-08 1.9153623e-01]
9;[3.9058868e-08 2.6733458e-06 1.7019658e-10 5.7744239e-07 1.4343400e-09 8.6310336e-15 1.0835901e-11 1.2635171e-06 1.3178741e-10 9.9999547e-01]
5;[4.19777286e-17 1.50438405e-13 1.08192955e-09 9.96538520e-01 1.03583625e-05 3.45110544e-03 3.33892114e-09 3.42273987e-09 2.75551337e-14 5.31417088e-09]
7;[4.5629691e-05 1.9150464e-18 1.9074194e-02 8.2069317e-07 2.6754461e-09 2.7861513e-06 1.5712113e-18 9.8087651e-01 1.8185396e-14 1.6857482e-13]
0;[9.9995244e-01 1.4072674e-12 4.6365974e-05 8.9015085e-14 2.5792413e-10 1.1882426e-16 2.7452913e-20 3.6395182e-11 1.1726491e-06 9.9669202e-17]
7;[7.7658924e-06 1.3561652e-07 4.7744778e-03 7.6782632e-01 8.1435598e-02 3.3693381e-02 1.6920313e-03 1.1056923e-01 1.0470051e-11 9.7500504e-07]
2;[4.3547847e-03 1.8815724e-12 9.9501848e-01 2.4282830e-04 2.3064134e-04 1.5125079e-04 1.9801864e-07 1.7263861e-06 1.9044201e-08 9.5780389e-12]
2;[3.0456814e-08 1.9385557e-14 5.8227204e-02 6.3069308e-08 5.3873629e-04 4.0560826e-05 1.6512286e-11 9.4119334e-01 2.9041854e-13 2.0386499e-10]
2;[6.0458887e-02 6.0236227e-05 1.7666599e-02 5.9897568e-05 9.2035705e-01 5.3567519e-06 2.5658936e-05 7.1212550e-04 6.5386400e-04 2.2695015e-07]
9;[1.7674802e-03 2.4516942e-01 1.0658988e-08 7.6063003e-08 1.1176799e-10 1.6395762e-17 1.8396054e-15 9.5608056e-15 7.4484879e-01 8.2141859e-03]
3;[1.1407612e-09 6.2641757e-06 4.4508660e-08 1.8756853e-02 3.1263816e-09 1.8035443e-04 9.4570836e-13 9.9480869e-15 9.8105651e-01 4.6345102e-12]
8;[3.9784618e-07 2.8224358e-01 3.3867937e-16 7.9828627e-14 1.2040710e-15 2.3151405e-24 3.8752075e-17 1.8564415e-22 7.1770942e-01 4.6572008e-05]
6;[1.5723061e-04 2.6377302e-05 5.6675589e-04 8.7153888e-01 2.7874298e-03 4.6816458e-06 1.2481186e-01 1.4757991e-09 9.7815231e-05 8.9208888e-06]
0;[5.1708853e-01 9.9682804e-09 4.3834081e-01 3.9987549e-02 4.3182839e-03 1.7190521e-05 1.8476356e-04 6.2837993e-05 2.9184374e-10 9.6718258e-12]
7;[7.7087570e-05 9.9549192e-01 9.2845403e-06 7.9087386e-08 1.3151893e-09 6.2050942e-12 5.1791884e-14 3.3218401e-13 1.0646088e-03 3.3570416e-03]
0;[9.99930024e-01 1.18438818e-11 6.96829084e-05 2.87957249e-07 5.65253266e-08 3.78280962e-09 7.56049043e-12 1.12330955e-13 1.42979202e-08 1.09007297e-16]
8;[2.7066255e-05 3.7322265e-09 3.6350485e-09 9.5808829e-08 4.7374263e-13 5.1679732e-09 5.1274957e-15 8.3640167e-10 9.9973351e-01 2.3933302e-04]
2;[9.9993443e-01 1.5499782e-12 6.5561406e-05 1.6399131e-08 6.2833300e-10 5.9310812e-10 7.8287502e-16 6.7160223e-12 3.3098211e-09 4.8467246e-16]
